pref,muni,source,covered,code,groups,subway,tram,monorail_agt,jr,private,funicular,operators,official_rest,census_rest,file,open_rest,addressed,addr_share,latest,cover,placeable_of_official,addressed_per_census
静岡県,浜松市,designated,False,22130,54,0,0,0,18,36,0,天竜浜名湖鉄道 19; 東海旅客鉄道 18; 遠州鉄道 18,8388.0,2907,22000 (prefecture),,0.0,0.668,,,0.0,0.0
神奈川県,川崎市,designated,False,14130,53,0,0,0,25,31,0,東日本旅客鉄道 25; 小田急電鉄 11; 東急電鉄 10; 京浜急行電鉄 8; 京王電鉄 2,12073.0,4212,14130,1200.0,954.0,0.795,2026-08-31,0.1,0.08,0.23
千葉県,千葉市,designated+mode,False,12100,47,0,0,18,19,13,0,東日本旅客鉄道 19; 千葉都市モノレール 18; 京成電鉄 13,9279.0,2285,12100,8212.0,6057.0,0.738,2026-08-31,0.89,0.65,2.65
香川県,高松市,core,False,37201,46,0,0,0,13,33,2,高松琴平電気鉄道 33; 四国旅客鉄道 13,5439.0,2071,37201,56.0,37.0,0.661,2026-08-24,0.01,0.01,0.02
滋賀県,大津市,core+mode,False,25201,40,0,24,0,16,0,4,京阪電気鉄道 24; 西日本旅客鉄道 16,3115.0,1021,25201,67.0,50.0,0.746,2026-07-29,0.02,0.02,0.05
三重県,四日市市,200k+,False,24202,35,0,0,0,5,31,0,近畿日本鉄道 15; 四日市あすなろう鉄道 9; 三岐鉄道 7; 東海旅客鉄道 5; 伊勢鉄道 1,,1074,24202,94.0,79.0,0.84,2026-07-29,,,0.07
三重県,津市,200k+,False,24201,33,0,0,0,16,18,0,東海旅客鉄道 16; 近畿日本鉄道 15; 伊勢鉄道 4,,872,24000 (prefecture),,49.0,0.876,,,,0.06
兵庫県,姫路市,core,False,28201,31,0,0,0,16,15,0,西日本旅客鉄道 16; 山陽電気鉄道 15,6706.0,2297,28201,132.0,112.0,0.848,2026-08-31,0.02,0.02,0.05
和歌山県,和歌山市,core,False,30201,31,0,0,0,12,21,0,西日本旅客鉄道 12; 南海電気鉄道 11; 和歌山電鐵 10,5048.0,1361,30201,94.0,84.0,0.894,2026-08-28,0.02,0.02,0.06
埼玉県,さいたま市,designated+mode,False,11100,31,1,0,6,19,7,0,東日本旅客鉄道 19; 東武鉄道 7; 埼玉新都市交通 6; 埼玉高速鉄道 1,9798.0,3376,11100,611.0,478.0,0.782,2026-08-27,0.06,0.05,0.14
千葉県,船橋市,core+mode,False,12204,30,2,0,0,6,25,0,京成電鉄 16; 東日本旅客鉄道 6; 東葉高速鉄道 5; 東武鉄道 4; 東京地下鉄 2; 北総鉄道 1,4616.0,1586,12204,3220.0,1686.0,0.524,2026-08-25,0.7,0.37,1.06
新潟県,新潟市,designated,False,15100,29,0,0,0,29,0,0,東日本旅客鉄道 29,7382.0,2861,15100,133.0,118.0,0.887,2026-08-31,0.02,0.02,0.04
長崎県,佐世保市,core,False,42202,28,0,0,0,7,22,0,松浦鉄道 22; 九州旅客鉄道 7,2518.0,1003,42202,2316.0,1787.0,0.772,2026-08-28,0.92,0.71,1.78
大阪府,東大阪市,core+mode,False,27227,26,2,4,0,7,14,0,近畿日本鉄道 18; 西日本旅客鉄道 7; 大阪市高速電気軌道 2,5534.0,1910,27000 (prefecture),,0.0,0.814,,,0.0,0.0
静岡県,静岡市,designated,False,22100,26,0,0,0,10,17,0,静岡鉄道 15; 東海旅客鉄道 10; 大井川鐵道 2,8647.0,3135,22100,8121.0,4894.0,0.603,2026-08-26,0.94,0.57,1.56
福岡県,久留米市,core,False,40203,25,0,0,0,9,16,0,西日本鉄道 16; 九州旅客鉄道 9,4343.0,1368,40203,3861.0,2997.0,0.776,2026-08-31,0.89,0.69,2.19
愛知県,豊田市,core+mode,False,23211,25,0,0,2,0,24,0,名古屋鉄道 12; 愛知環状鉄道 12; 愛知高速交通 2,3898.0,1364,23211,58.0,35.0,0.603,2026-08-14,0.01,0.01,0.03
福島県,福島市,core,False,07201,22,0,0,0,7,16,0,福島交通 12; 東日本旅客鉄道 7; 阿武隈急行 5,2846.0,1030,07201,36.0,29.0,0.806,2026-07-14,0.01,0.01,0.03
兵庫県,西宮市,core,False,28204,22,0,0,0,5,17,0,阪神電気鉄道 10; 阪急電鉄 8; 西日本旅客鉄道 5,4505.0,1567,28204,134.0,114.0,0.851,2026-08-04,0.03,0.03,0.07
神奈川県,横須賀市,core,False,14201,21,0,0,0,4,17,0,京浜急行電鉄 17; 東日本旅客鉄道 4,3461.0,1373,14201,133.0,112.0,0.842,2026-08-21,0.04,0.03,0.08
岡山県,倉敷市,core,False,33202,21,0,0,0,8,13,0,水島臨海鉄道 10; 西日本旅客鉄道 8; 井原鉄道 3; 四国旅客鉄道 1,4653.0,1405,33202,149.0,117.0,0.785,2026-08-21,0.03,0.03,0.08
山口県,下関市,core,False,35201,21,0,0,0,21,0,0,西日本旅客鉄道 21; 九州旅客鉄道 1,2802.0,1056,35201,2632.0,2603.0,0.989,2026-08-31,0.94,0.93,2.46
宮崎県,宮崎市,core,False,45201,21,0,0,0,21,0,0,九州旅客鉄道 21,5476.0,2250,45201,1524.0,561.0,0.368,2026-08-26,0.28,0.1,0.25
石川県,金沢市,core,False,17201,21,0,0,0,0,21,0,北陸鉄道 17; IRいしかわ鉄道 4,6438.0,2664,17201,189.0,150.0,0.794,2026-08-01,0.03,0.02,0.06
千葉県,松戸市,200k+,False,12207,20,0,0,0,7,16,0,京成電鉄 9; 東日本旅客鉄道 7; 北総鉄道 4; 流鉄 3; 東武鉄道 1,,1353,12000 (prefecture),,1193.0,0.627,,,,0.88
千葉県,市原市,200k+,False,12219,20,0,0,0,3,18,0,小湊鐵道 17; 東日本旅客鉄道 3; 京成電鉄 1,,784,12000 (prefecture),,646.0,0.627,,,,0.82
長野県,松本市,core,False,20202,20,0,0,0,7,14,0,アルピコ交通 14; 東日本旅客鉄道 7,3742.0,1400,20202,3315.0,1175.0,0.354,2026-08-31,0.89,0.31,0.84
東京都,八王子市,core+mode,False,13201,20,0,0,3,7,11,2,京王電鉄 11; 東日本旅客鉄道 7; 多摩都市モノレール 3,4898.0,1653,13201,220.0,192.0,0.873,2026-08-24,0.04,0.04,0.12
長野県,長野市,core,False,20201,20,0,0,0,9,14,0,長野電鉄 10; 東日本旅客鉄道 9; しなの鉄道 5,4817.0,1532,20201,1386.0,1178.0,0.85,2026-08-31,0.29,0.24,0.77
群馬県,前橋市,core,False,10201,19,0,0,0,5,14,0,上毛電気鉄道 14; 東日本旅客鉄道 5,3533.0,1299,10201,1849.0,1811.0,0.979,2026-08-28,0.52,0.51,1.39
愛知県,豊川市,mode,False,23207,19,0,5,0,9,6,0,名古屋鉄道 10; 東海旅客鉄道 9,,560,23000 (prefecture),,19.0,0.81,,,,0.03
愛知県,一宮市,core,False,23203,19,0,0,0,2,17,0,名古屋鉄道 17; 東海旅客鉄道 2,3292.0,1434,23203,99.0,83.0,0.838,2026-07-31,0.03,0.03,0.06
青森県,青森市,core,False,02201,18,0,0,0,12,7,0,東日本旅客鉄道 12; 青い森鉄道 7,3969.0,1235,02201,72.0,60.0,0.833,2026-08-28,0.02,0.02,0.05
広島県,福山市,core,False,34207,18,0,0,0,16,3,0,西日本旅客鉄道 16; 井原鉄道 3,4302.0,1737,34207,3879.0,2597.0,0.67,2026-08-31,0.9,0.6,1.5
兵庫県,明石市,core,False,28203,17,0,0,0,5,12,0,山陽電気鉄道 12; 西日本旅客鉄道 5,2944.0,1061,28203,51.0,43.0,0.843,2026-08-06,0.02,0.01,0.04
神奈川県,藤沢市,200k++mode,False,14205,17,1,0,2,2,14,0,小田急電鉄 9; 江ノ島電鉄 6; 東日本旅客鉄道 2; 湘南モノレール 2; 横浜市 1; 相模鉄道 1,,1495,14205,207.0,165.0,0.797,2026-08-26,,,0.11
大分県,大分市,core,False,44201,17,0,0,0,17,0,0,九州旅客鉄道 17,4971.0,1723,44201,71.0,59.0,0.831,2026-08-17,0.01,0.01,0.03
静岡県,富士市,200k+,False,22210,17,0,0,0,8,10,0,岳南電車 10; 東海旅客鉄道 8,,1015,22000 (prefecture),,1193.0,0.668,,,,1.18
神奈川県,相模原市,designated,False,14150,16,0,0,0,13,4,0,東日本旅客鉄道 13; 小田急電鉄 3; 京王電鉄 1,5100.0,1850,14150,379.0,300.0,0.792,2026-08-31,0.07,0.06,0.16
北海道,旭川市,core,False,01204,16,0,0,0,16,0,0,北海道旅客鉄道 16,3597.0,1509,01204,115.0,89.0,0.774,2026-08-17,0.03,0.02,0.06
島根県,松江市,core,False,32201,16,0,0,0,8,8,0,一畑電車 8; 西日本旅客鉄道 8,2328.0,835,32201,45.0,41.0,0.911,2026-07-22,0.02,0.02,0.05
愛知県,岡崎市,core,False,23202,16,0,0,0,2,15,0,名古屋鉄道 9; 愛知環状鉄道 6; 東海旅客鉄道 2,3755.0,1257,23202,89.0,75.0,0.843,2026-08-21,0.02,0.02,0.06
群馬県,高崎市,core,False,10202,16,0,0,0,7,10,0,上信電鉄 10; 東日本旅客鉄道 7,4057.0,1513,10202,2381.0,2230.0,0.937,2026-08-31,0.59,0.55,1.47
沖縄県,那覇市,core+mode,False,47201,16,0,0,16,0,0,0,沖縄都市モノレール 16,8530.0,2669,47201,97.0,62.0,0.639,2026-08-12,0.01,0.01,0.02
神奈川県,鎌倉市,mode,False,14204,16,0,0,6,3,9,0,江ノ島電鉄 9; 湘南モノレール 6; 東日本旅客鉄道 3,,1023,14000 (prefecture),,74.0,0.818,,,,0.07
大阪府,吹田市,core+mode,False,27205,15,2,0,3,3,8,0,阪急電鉄 8; 西日本旅客鉄道 3; 大阪モノレール 3; 北大阪急行電鉄 2; 大阪市高速電気軌道 1,3294.0,1018,27205,71.0,52.0,0.732,2026-08-27,0.02,0.02,0.05
千葉県,市川市,200k++mode,False,12203,15,4,0,0,5,7,0,京成電鉄 5; 東日本旅客鉄道 5; 東京地下鉄 3; 北総鉄道 2; 東京都 1,,989,12000 (prefecture),,904.0,0.627,,,,0.91
新潟県,長岡市,200k+,False,15202,14,0,0,0,14,0,0,東日本旅客鉄道 14,,983,15000 (prefecture),,46.0,0.837,,,,0.05
福島県,いわき市,core,False,07204,14,0,0,0,14,0,0,東日本旅客鉄道 14,3425.0,1226,07204,37.0,32.0,0.865,2026-07-17,0.01,0.01,0.03
奈良県,奈良市,core,False,29201,14,0,0,0,4,10,0,近畿日本鉄道 10; 西日本旅客鉄道 4,4531.0,1258,29201,4071.0,3175.0,0.78,2026-08-31,0.9,0.7,2.52
東京都,府中市,200k+,False,13206,14,0,0,0,4,11,0,京王電鉄 7; 東日本旅客鉄道 4; 西武鉄道 4,,723,13000 (prefecture),,102.0,0.842,,,,0.14
鳥取県,鳥取市,core,False,31201,13,0,0,0,13,0,0,西日本旅客鉄道 13,1990.0,837,31201,2065.0,2031.0,0.984,2026-08-26,1.04,1.02,2.43
青森県,八戸市,core,False,02203,13,0,0,0,11,3,0,東日本旅客鉄道 11; 青い森鉄道 3,3188.0,1090,,,,,,,,
広島県,呉市,core,False,34202,13,0,0,0,13,0,0,西日本旅客鉄道 13,1752.0,848,34202,1537.0,1053.0,0.685,2026-08-28,0.88,0.6,1.24
秋田県,秋田市,core,False,05201,12,0,0,0,12,0,0,東日本旅客鉄道 12,3195.0,1283,05201,168.0,163.0,0.97,2026-08-31,0.05,0.05,0.13
京都府,宇治市,mode,False,26204,12,1,0,0,6,7,0,西日本旅客鉄道 6; 京阪電気鉄道 4; 近畿日本鉄道 3; 京都市 1,,436,26000 (prefecture),,1583.0,0.853,,,,3.63
東京都,立川市,mode,False,13202,12,0,0,7,2,3,0,多摩都市モノレール 7; 西武鉄道 3; 東日本旅客鉄道 2,,854,13000 (prefecture),,110.0,0.842,,,,0.13
岐阜県,岐阜市,core,False,21201,12,0,0,0,3,9,0,名古屋鉄道 9; 東海旅客鉄道 3,5070.0,2165,21201,32.0,25.0,0.781,2026-07-31,0.01,0.0,0.01
兵庫県,尼崎市,core,False,28202,12,0,0,0,4,8,0,阪神電気鉄道 5; 西日本旅客鉄道 4; 阪急電鉄 3,5495.0,1988,28202,125.0,101.0,0.808,2026-08-31,0.02,0.02,0.05
大阪府,枚方市,core,False,27210,12,0,0,0,3,9,0,京阪電気鉄道 9; 西日本旅客鉄道 3,2984.0,966,27210,81.0,62.0,0.765,2026-08-26,0.03,0.02,0.06
岩手県,盛岡市,core,False,03201,11,0,0,0,8,5,0,東日本旅客鉄道 8; アイジーアールいわて銀河鉄道 5,3233.0,1406,03201,3123.0,2382.0,0.763,2026-08-31,0.97,0.74,1.69
福島県,郡山市,core,False,07203,11,0,0,0,11,0,0,東日本旅客鉄道 11,3334.0,1185,07203,49.0,44.0,0.898,2026-08-27,0.01,0.01,0.04
大阪府,豊中市,core+mode,False,27203,11,2,0,4,0,6,0,阪急電鉄 6; 大阪モノレール 4; 北大阪急行電鉄 2,3523.0,1305,27203,58.0,50.0,0.862,2026-07-17,0.02,0.01,0.04
埼玉県,川越市,core,False,11201,11,0,0,0,5,7,0,東日本旅客鉄道 5; 東武鉄道 5; 西武鉄道 2,2992.0,996,11201,164.0,123.0,0.75,2026-08-31,0.05,0.04,0.12
山形県,山形市,core,False,06201,11,0,0,0,11,0,0,東日本旅客鉄道 11,2789.0,1215,06201,2513.0,2268.0,0.903,2026-08-31,0.9,0.81,1.87
大阪府,八尾市,core+mode,False,27212,11,1,0,0,3,7,2,近畿日本鉄道 7; 西日本旅客鉄道 3; 大阪市高速電気軌道 1,2499.0,908,27212,2169.0,1587.0,0.732,2026-08-31,0.87,0.64,1.75
兵庫県,宝塚市,200k+,False,28214,11,0,0,0,3,9,0,阪急電鉄 9; 西日本旅客鉄道 3,,492,28000 (prefecture),,28.0,0.812,,,,0.06
高知県,いの町,mode,False,39386,11,0,10,0,3,0,0,とさでん交通 10; 四国旅客鉄道 3,,84,39000 (prefecture),,128.0,0.631,,,,1.52
高知県,南国市,mode,False,39204,11,0,8,0,2,3,0,とさでん交通 8; 土佐くろしお鉄道 3; 四国旅客鉄道 2,,162,39000 (prefecture),,92.0,0.631,,,,0.57
愛知県,春日井市,200k+,False,23206,11,0,0,0,5,7,0,東海旅客鉄道 5; 名古屋鉄道 4; JR東海交通事業 2; 愛知環状鉄道 1,,929,23000 (prefecture),,31.0,0.81,,,,0.03
千葉県,佐倉市,mode,False,12212,11,0,0,6,1,5,0,山万 6; 京成電鉄 5; 東日本旅客鉄道 1,,425,12000 (prefecture),,529.0,0.627,,,,1.24
徳島県,徳島市,200k+,False,36201,10,0,0,0,10,0,0,四国旅客鉄道 10,,1540,36000 (prefecture),,43.0,0.127,,,,0.03
千葉県,柏市,core,False,12217,10,0,0,0,3,8,0,東武鉄道 6; 東日本旅客鉄道 3; 首都圏新都市鉄道 2,3669.0,1103,12217,1724.0,1325.0,0.769,2026-08-28,0.47,0.36,1.2
大阪府,茨木市,200k++mode,False,27211,10,0,0,6,2,3,0,大阪モノレール 6; 阪急電鉄 3; 西日本旅客鉄道 2,,830,27000 (prefecture),,33.0,0.814,,,,0.04
東京都,日野市,mode,False,13212,10,0,0,5,2,5,0,京王電鉄 5; 多摩都市モノレール 5; 東日本旅客鉄道 2,,366,13000 (prefecture),,54.0,0.842,,,,0.15
富山県,射水市,mode,False,16211,10,0,2,0,0,9,0,万葉線 8; あいの風とやま鉄道 2,,255,16000 (prefecture),,152.0,0.703,,,,0.6
埼玉県,所沢市,200k++mode,False,11208,10,0,0,2,1,8,0,西武鉄道 9; 東日本旅客鉄道 1,,798,11000 (prefecture),,114.0,0.733,,,,0.14
東京都,調布市,200k+,False,13208,9,0,0,0,0,9,0,京王電鉄 9,,752,13000 (prefecture),,140.0,0.842,,,,0.19
群馬県,太田市,200k+,False,10205,9,0,0,0,0,9,0,東武鉄道 9,,760,10000 (prefecture),,817.0,0.732,,,,1.08
東京都,町田市,200k+,False,13209,9,0,0,0,3,7,0,小田急電鉄 3; 東急電鉄 3; 東日本旅客鉄道 3; 京王電鉄 1,,1084,13209,251.0,197.0,0.785,2026-08-26,,,0.18
埼玉県,越谷市,core,False,11222,8,0,0,0,2,6,0,東武鉄道 6; 東日本旅客鉄道 2,2690.0,1095,11222,170.0,140.0,0.824,2026-08-18,0.06,0.05,0.13
埼玉県,川口市,core+mode,False,11203,8,6,0,0,3,0,0,埼玉高速鉄道 6; 東日本旅客鉄道 3,4259.0,1384,11203,220.0,182.0,0.827,2026-08-27,0.05,0.04,0.13
神奈川県,大和市,200k+,False,14213,8,0,0,0,0,8,0,小田急電鉄 6; 東急電鉄 2; 相模鉄道 2,,798,14000 (prefecture),,108.0,0.818,,,,0.14
埼玉県,春日部市,200k+,False,11214,8,0,0,0,0,8,0,東武鉄道 8,,703,11000 (prefecture),,72.0,0.733,,,,0.1
兵庫県,加古川市,200k+,False,28210,8,0,0,0,5,3,0,西日本旅客鉄道 5; 山陽電気鉄道 3,,900,28000 (prefecture),,32.0,0.812,,,,0.04
東京都,東村山市,mode,False,13213,8,0,0,1,1,7,0,西武鉄道 7; 東日本旅客鉄道 1,,404,13000 (prefecture),,0.0,0.842,,,,0.0
東京都,多摩市,mode,False,13224,7,0,0,1,0,6,0,京王電鉄 3; 小田急電鉄 3; 多摩都市モノレール 1,,335,13000 (prefecture),,55.0,0.842,,,,0.16
千葉県,浦安市,mode,False,12227,7,1,0,4,2,0,0,舞浜リゾートライン 4; 東日本旅客鉄道 2; 東京地下鉄 1,,410,12000 (prefecture),,443.0,0.627,,,,1.08
千葉県,八千代市,200k+,False,12221,7,0,0,0,0,7,0,東葉高速鉄道 4; 京成電鉄 3,,534,12000 (prefecture),,552.0,0.627,,,,1.03
山梨県,甲府市,core,False,19201,7,0,0,0,7,0,0,東海旅客鉄道 6; 東日本旅客鉄道 2,2960.0,1185,19201,2640.0,1659.0,0.628,2026-08-31,0.89,0.56,1.4
兵庫県,伊丹市,mode,False,28207,6,0,0,1,2,3,0,阪急電鉄 3; 西日本旅客鉄道 2; 大阪モノレール 1,,610,28000 (prefecture),,34.0,0.812,,,,0.06
大阪府,守口市,mode,False,27209,6,3,0,1,0,3,0,京阪電気鉄道 3; 大阪市高速電気軌道 3; 大阪モノレール 1,,594,27000 (prefecture),,27.0,0.814,,,,0.05
茨城県,水戸市,core,False,08201,6,0,0,0,4,3,0,東日本旅客鉄道 4; 鹿島臨海鉄道 3,3188.0,1214,08201,2887.0,2329.0,0.807,2026-08-31,0.91,0.73,1.92
愛知県,長久手市,mode,False,23238,6,0,0,6,0,0,0,愛知高速交通 6,,170,23000 (prefecture),,21.0,0.81,,,,0.12
埼玉県,伊奈町,mode,False,11301,5,0,0,5,0,0,0,埼玉新都市交通 5,,85,11000 (prefecture),,11.0,0.733,,,,0.13
大阪府,高槻市,core,False,27207,5,0,0,0,2,3,0,阪急電鉄 3; 西日本旅客鉄道 2,2747.0,963,27207,2439.0,1904.0,0.781,2026-08-31,0.89,0.69,1.98
東京都,西東京市,200k+,False,13229,5,0,0,0,0,5,0,西武鉄道 5,,440,13000 (prefecture),,76.0,0.842,,,,0.17
群馬県,伊勢崎市,200k+,False,10204,5,0,0,0,2,4,0,東武鉄道 4; 東日本旅客鉄道 2,,589,10000 (prefecture),,834.0,0.732,,,,1.42
大阪府,門真市,mode,False,27223,5,1,0,1,0,4,0,京阪電気鉄道 4; 大阪モノレール 1; 大阪市高速電気軌道 1,,621,27000 (prefecture),,23.0,0.814,,,,0.04
大阪府,箕面市,mode,False,27220,5,2,0,0,0,3,0,阪急電鉄 3; 北大阪急行電鉄 2,,361,27000 (prefecture),,31.0,0.814,,,,0.09
大阪府,寝屋川市,core,False,27215,4,0,0,0,1,3,0,京阪電気鉄道 3; 西日本旅客鉄道 1,2189.0,783,27215,30.0,23.0,0.767,2026-08-24,0.01,0.01,0.03
佐賀県,佐賀市,200k+,False,41201,4,0,0,0,4,0,0,九州旅客鉄道 4,,1186,41000 (prefecture),,1209.0,0.299,,,,1.02
埼玉県,草加市,200k+,False,11221,4,0,0,0,0,4,0,東武鉄道 4,,669,11000 (prefecture),,95.0,0.733,,,,0.14
埼玉県,上尾市,200k++mode,False,11219,4,0,0,2,2,0,0,埼玉新都市交通 2; 東日本旅客鉄道 2,,548,11000 (prefecture),,69.0,0.733,,,,0.13
栃木県,芳賀町,mode,False,09345,4,0,4,0,0,0,0,宇都宮ライトレール 4,,33,09000 (prefecture),,27.0,0.833,,,,0.82
茨城県,つくば市,200k+,False,08220,4,0,0,0,0,4,2,首都圏新都市鉄道 4,,708,08000 (prefecture),,45.0,0.883,,,,0.06
大阪府,摂津市,mode,False,27224,4,0,0,2,1,1,0,大阪モノレール 2; 西日本旅客鉄道 1; 阪急電鉄 1,,265,27000 (prefecture),,15.0,0.814,,,,0.06
東京都,東大和市,mode,False,13220,4,0,0,3,0,1,0,多摩都市モノレール 3; 西武鉄道 1,,240,13000 (prefecture),,30.0,0.842,,,,0.12
神奈川県,茅ヶ崎市,200k+,False,14207,3,0,0,0,3,0,0,東日本旅客鉄道 3,,701,14207,1843.0,1786.0,0.969,2026-08-31,,,2.55
愛知県,日進市,mode,False,23230,3,1,0,0,0,3,0,名古屋鉄道 3; 名古屋市 1,,218,23000 (prefecture),,11.0,0.81,,,,0.05
沖縄県,浦添市,mode,False,47208,3,0,0,3,0,0,0,沖縄都市モノレール 3,,628,47000 (prefecture),,14.0,0.515,,,,0.02
神奈川県,厚木市,200k+,False,14212,2,0,0,0,0,2,0,小田急電鉄 2,,734,14000 (prefecture),,79.0,0.818,,,,0.11
神奈川県,平塚市,200k+,False,14203,1,0,0,0,1,0,0,東日本旅客鉄道 1,,877,14000 (prefecture),,78.0,0.818,,,,0.09
埼玉県,和光市,mode,False,11229,1,1,0,0,0,1,0,東京地下鉄 1; 東武鉄道 1,,144,11000 (prefecture),,35.0,0.733,,,,0.24
