source_key,business_name,address,reason
7C92CDF3-3411-4855-A4CA-9370D4E4CA26,ALLSTARS CANTEEN,1765 MERIVALE Rd,Club or recreation venue
854BED01-CEBD-4FF8-BC66-1E7AC36C41FE,ANDERSON LINKS GOLF & COUNTRY CLUB,4175 ANDERSON ROAD,Club or recreation venue
6067EF2F-7829-4531-928E-6E006006712A,BEARBROOK GOLF CLUB,4725 WHISPERING WILLOW Dr,Club or recreation venue
127D147F-1CF4-4CEE-BA9B-6853B36B0B33,BLOOM HOCKEY TRAINING CENTRE,1344 Youville Dr,Club or recreation venue
D892FBE9-8773-4E99-AE6C-06AA6AC4DB26,BOYS AND GIRLS CLUB OTTAWA,430 MCARTHUR Ave,Club or recreation venue
27F2C41C-72AE-408B-88DE-FBA96514ADBA,BRANCH 593 ROYAL CANADIAN LEGION,4026 OLD RICHMOND ROAD,Club or recreation venue
99EE4A77-DFCA-4A75-9D0B-B42E2B913D5C,BRITANNIA YACHT CLUB,2777 CASSELS St,Club or recreation venue
28ECEF21-1AB7-43C0-9E8C-BBEE977E78B5,CAMELOT GOLF & COUNTRY CLUB,906 QUIGLEY HILL Rd,Club or recreation venue
24D20675-2C47-4BA1-A6E2-918E2CFC5482,CANADIAN GOLF & COUNTRY CLUB  RESTAURANT,7800 GOLF CLUB WAY,Club or recreation venue
20B5D00A-4E1F-4121-8058-72EF7C2ACCCB,CANADIAN GOLF CLUB BANQUET KITCHEN,7800 GOLF CLUB WAY,Club or recreation venue
F049B971-642F-4B44-A1A4-20D57349E13A,CARLETON GOLF & YACHT CLUB,6627 MARINA Dr,Club or recreation venue
A777D43E-51A4-4D34-BF59-4B70D477DA7B,CARLETON HEIGHTS CURLING,1436 NORMANDY CRESCENT,Club or recreation venue
CE44A3A6-A263-4C0B-BC71-8FF457DF5493,CEDARHILL GOLF CLUB,56 CEDARHILL Dr,Club or recreation venue
A411263F-34C7-4629-A6DC-CF2F85ACFBA1,CITY VIEW CURLING CLUB,50 CAPILANO Dr,Club or recreation venue
C28BC245-5846-477D-8B91-132A81FF107A,CUMBERLAND CURLING CLUB,935 CAMERON St,Club or recreation venue
E8D45EC2-2BCC-4E5A-AF23-59A93A656230,EAGLE CREEK GOLF CLUB,109 ROYAL TROON LANE,Club or recreation venue
9669C21E-8E92-42B5-A6C2-086BADEFE04D,ELMDALE TENNIS CLUB,184 HOLLAND Ave,Club or recreation venue
AACF44F5-3E26-44BA-8678-F98849DE8001,EMERALD LINKS GOLF COURSE,6357 EMERALD LINKS Dr,Club or recreation venue
12A686C6-5D49-4FC2-862D-391A5D11E9FF,FALCON RIDGE GOLF COURSE,4740 HIGH Rd,Club or recreation venue
E0BF771C-83A4-411A-8FED-0A3AE9AABF9B,GIRLS AND BOYS CLUB OF OTTAWA,1463 Prince of Wales Dr,Club or recreation venue
850D97CC-47EC-45B2-9BBC-6F75B33C88AF,GRANITE CURLING CLUB,2740 Queensview Dr,Club or recreation venue
BBC44F1B-BDDE-4566-B057-61259CE4F454,GREENSMERE GOLF CLUB,1717 BEARHILL Rd,Club or recreation venue
D1A84E4A-C606-4903-9C2E-0A66EC8D3581,GREY HAWK GOLF CLUB,4999 BOUNDARY Rd,Club or recreation venue
75F05C29-155A-4B0A-8382-B95B1004ACAA,HUNTLEY CURLING CLUB,199 LANGSTAFF Dr,Club or recreation venue
5A665A39-65AE-479A-AF1A-CA0D9BDCE01B,IRISH HILLS GOLF & COUNTRY CLUB,3248 CARP Rd,Club or recreation venue
9B704CF7-70E0-4D0D-B7DA-04AD480BF743,KANATA GOLF & COUNTRY CLUB,7000 CAMPEAU Dr,Club or recreation venue
63273EBB-21EC-4B45-8B92-FDC58C338F65,KANATA GOLF & COUNTRY CLUB HOUSE,7000 CAMPEAU Dr,Club or recreation venue
97D1E10C-4E2E-4F08-A8D2-5FC9DD448A81,KANATA LEGION,70 HINES Rd,Club or recreation venue
D695F768-B391-4AE4-848C-3B5D1ADAC4CF,KANATA SPORTS CLUB,10 MCKITRICK Dr,Club or recreation venue
04EE2EFA-26EB-49B1-AA2A-98C48747DBE6,LARRY ROBINSON ARENA/ BARRY'S CANTEEN,2785 8TH LINE Rd,Club or recreation venue
433A82C5-0329-464C-A372-164F451CF40B,LEITRIM HAWKS CANTEEN,3280 LEITRIM Rd,Club or recreation venue
6CE28D7A-D391-485A-BDA3-4AADF33DF157,LION'S CANTEEN (METCALFE & DIST. LION'S CLUB),2803 8TH LINE Rd,Club or recreation venue
94ED7903-19E9-43E0-BF9E-C87CD2B4FB76,LIONS CLUB,1339 STITTSVILLE MAIN St,Club or recreation venue
80F94EAE-6AE4-4339-B3BA-1A63F034D982,LOCH MARCH GOLF CLUB,1755 OLD CARP Rd,Club or recreation venue
4E19D76C-759F-4A98-B866-321B9C397D66,LONG ISLAND AQUATIC CLUB,5495 SOUTH RIVER Dr,Club or recreation venue
7429D183-1E26-4FD1-9801-02BE54FD07D4,MADAWASKA GOLF COURSE,250 KEATLEY Rd,Club or recreation venue
8008D525-6374-4878-9071-617699E9E494,MANOTICK ARENA,5572 DOCTOR LEACH Dr,Club or recreation venue
01F82CF5-9B91-449C-98FF-E67C85141746,MANOTICK CURLING CLUB,5519 SOUTH RIVER Dr,Club or recreation venue
E46ABBFB-3191-40C0-8EBC-FFC5AD38007C,METCALFE CURLING CLUB,2793 8TH LINE Rd,Club or recreation venue
10C0DE1E-D69F-4ADF-85AA-9F7F12CDBD8F,METCALFE GOLF CLUB (HICKORIES RESTAURANT),1956 8TH LINE Rd,Club or recreation venue
5C5FCF83-6D1B-4952-9D5E-C907B2120575,MINI SPACE KIDS CLUB,655 Kanata Ave.,Club or recreation venue
5E1CC8BA-D010-4CF6-9B5D-C1D3475F4873,MIRACLE LEAGUE CANTEEN,3659 NAVAN Rd,Club or recreation venue
ECD21105-0283-4A15-A1F0-54B25EE315FA,MOE'S CANTEEN - (BELL CENTENNIAL ARENA),50 CASSIDY ROAD,Club or recreation venue
1DEF4DBE-A20A-4A38-A2D4-44D3DEA03439,MONTGOMERY LEGION - ROYAL CANADIAN LEGION BRANCH 351,330 Kent St,Club or recreation venue
B3823BAB-03CD-4988-909A-27C58298979E,MOVATI ATHLETIC,195 TRAINYARDS Dr,Club or recreation venue
D04CF346-AFE6-4C01-904C-6B2C468EE661,MOVATI ATHLETIC,3772 Innes Rd,Club or recreation venue
2480BA83-2CBC-48EB-A226-B7EBDBC61D84,MOVATI ATHLETIC INC.,1395 MEADOWLANDS Dr,Club or recreation venue
ED88C7A4-252B-4832-8322-7AE06276AD19,MOVATI ATHLETIC TAC CAFE,19 FRANK NIGHBOR Pl,Club or recreation venue
22B6A94A-EF27-401B-A0D6-D8120F6BF9AB,MOVATI ATHLETIC- JUICE BAR,15 CRESTWAY Dr,Club or recreation venue
8FC0A6F9-6BE4-410F-AC6E-F7E1A5D83050,NAVAN CURLING CLUB,1305 FAIRGREEN Ave,Club or recreation venue
355441E1-7C7C-46D6-92F3-C763FBB2F2AE,ORLEANS BOWLING CENTRE,885 TAYLOR CREEK Dr,Club or recreation venue
3637E23E-8543-4D88-BAE4-307CD5D1ECC2,OTTAWA CURLING CLUB,440 O'CONNOR St,Club or recreation venue
6B11F6E7-5430-4569-AB81-AFFBB3C71022,OTTAWA HUNT & GOLF CLUB,1 HUNT CLUB Rd,Club or recreation venue
510E093C-FB1F-414A-8091-6E9D62EA534D,OTTAWA MASONIC CENTRE,2140 WALKLEY ROAD,Club or recreation venue
7D0DBC52-87B6-47C2-8202-DA49A9324848,OTTAWA VALLEY HUNT CLUB,8935 Abb Rd,Club or recreation venue
C78852CE-4F9C-440B-97CA-161D55026DB7,PINEVIEW GOLF COURSE KITCHEN,1471 BLAIR Rd,Club or recreation venue
23244D88-1BFB-4BA8-B4B5-1F3BD8D032EE,RCN CURLING CLUB,41 NAVY PRIVATE,Club or recreation venue
76EA7B4E-D112-45B9-92AD-53957DE19E09,RICHMOND ARENA,6095 PERTH St,Club or recreation venue
56F1B9E4-45D5-4E53-A72A-7FD753C6D5DD,RICHMOND CURLING CLUB,6117 PERTH St,Club or recreation venue
3DA68611-BF06-43F5-B53A-C5B606C4C601,RICHMOND LEGION,6430 OTTAWA St,Club or recreation venue
47D85608-DD95-436F-95F7-ABC69DFF7080,RIDEAU CURLING CLUB,715 COOPER St,Club or recreation venue
3FA724AB-E6E8-4144-AEDA-E3D9CFFE1731,RIDEAU VIEW GOLF AND COUNTRY CLUB,6044 RIDEAU VALLEY Dr,Club or recreation venue
6A69C90E-B7B3-4F41-A2B3-BA3EA806373B,RIVERBEND GOLF AND COUNTRY CLUB,8089 FRANKTOWN Rd,Club or recreation venue
8A9A184B-E0F3-4110-9EF5-BCAA1202649B,ROYAL CANADIAN LEGION,800 TAYLOR CREEK Dr,Club or recreation venue
BF011858-7786-4F04-8099-80C6FA750E21,ROYAL CANADIAN LEGION,5550 ANN St,Club or recreation venue
619BBD61-CBCB-4774-AE19-4A44A8DE133E,ROYAL CANADIAN LEGION,3284 SUNSTRUM St,Club or recreation venue
DF87ADBC-FA43-4080-954E-29D65ABE8EB4,ROYAL CANADIAN LEGION,294 CYR St,Club or recreation venue
848102B5-EE8D-4AD9-A5BA-34F164ADD1A3,ROYAL CANADIAN LEGION,389 RICHMOND ROAD,Club or recreation venue
1704C7F9-22F8-4436-B2F5-CFCFF266C56E,ROYAL CANADIAN LEGION BRANCH 641,3500 FALLOWFIELD Rd,Club or recreation venue
002156B3-06D7-41E6-AC9C-873F48DCAB99,ROYAL CANADIAN LEGION GREELY BRANCH,8021 MITCH OWENS Rd,Club or recreation venue
7A1F3D94-4BF1-4FE7-B4EE-4AF9A1E9D6EF,STITTSVILLE COMMUNITY ARENA,10 WARNER COLPITTS LANE,Club or recreation venue
BE7FABA4-7227-4D4C-ADAF-DDDCB173DF2B,STITTSVILLE LEGION,1481 STITTSVILLE MAIN St,Club or recreation venue
887E4DA8-9847-4B0C-AA42-65C172D8DB4D,STONEBRIDGE GOLF & COUNTRY CLUB,68 HAWKTREE RIDGE,Club or recreation venue
C6E16E21-4C89-4D44-985B-D8CDCBAEA9B5,TERRY FOX CANTEEN,2960 RIVERSIDE Dr,Club or recreation venue
605CBEA0-99C7-401A-BF7C-AD96ED1C4A6B,TERRY FOX CANTEEN,2960 Riverside Dr.,Club or recreation venue
FC08D8C7-187F-4D80-9168-EBFD39B82A89,THE CAMERON & COURTSIDE CAFE AT THE OTTAWA TENNIS CLUB,176 CAMERON Ave,Club or recreation venue
9C2EC6B6-20D4-4911-AE4D-86623821BF8E,THE FORGE PICKLEBALL CLUB,1680 Vimont Ct,Club or recreation venue
F4E7716A-C6B9-4FC2-A617-009D2754A073,THE MARSHES GOLF CLUB,320 TERRY FOX Dr,Club or recreation venue
233707A7-E98E-46D1-B09B-8EC619D10F1B,THE MEADOWS GOLF & COUNTRY CLUB,4335 HAWTHORNE Rd,Club or recreation venue
D0623A17-65E3-45EC-B920-E633EF830108,W. ERSKIN JOHNSON ARENA CANTEEN,3832 CARP ROAD,Club or recreation venue
5765DE38-3E9F-451E-8160-1A5B6CE40225,WEST CARLETON LEGION,377 ALLBIRCH Rd,Club or recreation venue
D2B02EC9-79BE-44CD-8CD1-7E3C40167E14,WEST CARLETON SPORTS CLUB,3832 CARP Rd,Club or recreation venue
75358C40-7DFB-4571-A645-9FB3FFB1C159,WEST OTTAWA SOCCER CLUB,1927 RICHARDSON SIDE Rd,Club or recreation venue
1E97E46A-4AA5-4D55-A02B-E45CA2CC7833,ABC PRESCHOOL LEARNING CENTRE,28 OXFORD St,Institutional kitchen
B11FC88C-8157-422D-B15E-2CB04C057B8F,ACORN EARLY LEARNING CENTRE,600 BANK St,Institutional kitchen
CD086249-125F-4782-AB6A-74B1BC8C83F1,ADULT HIGH SCHOOL,300 ROCHESTER STREET,Institutional kitchen
17702CD1-1E6F-4820-BA79-D43D1D52CEA8,AGINCOURT ROAD PUBLIC SCHOOL,1250 Agincourt Rd,Institutional kitchen
B67DF8E7-5081-4941-9F14-D0B1FA0A2C11,ALADIN CHILDCARE SERVICES,2240 RUSSELL Rd,Institutional kitchen
1057846F-3023-44D4-8F53-CB0B100E932C,ALAVIDA-RAVINES RETIREMENT RESIDENCE,626 PRADO PRIVATE,Institutional kitchen
68B1FA48-1399-4B28-836B-9C6BC6E85F1A,ALBION HEATHERINGTON RECREATION CENTER (COMMUNITY KITCHEN),1560 Heatherington Rd,Institutional kitchen
FB87220C-6C20-42D1-A8DF-200E5E7416E5,ALGONQUIN EARLY LEARNING CENTRE,1385 WOODROFFE Ave,Institutional kitchen
49F3C7D6-0F92-40CE-B273-F01D9A2C26CE,"ALTA VISTA NURSERY SCHOOL, A PROGRAM OF ANDREW FLECK CHILDREN SERVICES",480 AVALON Pl,Institutional kitchen
C504CD62-0CA7-4F88-BC1B-4D31A7315E5E,ANDREW FLECK,40 GRANITE RIDGE Dr,Institutional kitchen
4864D163-C6BC-444E-8F12-91501F1DE3DD,ANDREW FLECK CHILD CARE CENTRE,195 GEORGE St,Institutional kitchen
2349F785-E6AD-4F1B-8F54-18B244753F37,ANDREW FLECK CHILD CARE CENTRE,185 GEORGE St,Institutional kitchen
E7CB0D65-164D-4AF2-81BB-30753016232C,ANDREW FLECK CHILD CARE SERVICES CARLETON HEIGHTS CHILD CARE,1660 Prince of Wales Dr,Institutional kitchen
35589CEB-16CB-4F28-929B-9B1F65AE3D3D,ANDREW FLECK CHILD CARE SERVICES-ALTA VISTA,1349 RANDALL Ave,Institutional kitchen
3B937448-5239-41EF-88E7-FA4F3EDBFA0E,ANDREW FLECK CHILDREN'S SERVICES - GLEBE FIFTH AVE ,10 FIFTH Ave,Institutional kitchen
A69C7A8E-10CF-45EA-B9AF-5EAA55E99A23,ANDREW FLECK CHILDREN'S SERVICES AT PERLEY HEALTH ,1750 Russell Rd,Institutional kitchen
41FA2024-F0CD-4ADA-86D3-483729C27F60,ANDREW FLECK CHILDRENS SERVICES - NEPEAN," RESTRICTED, OTTAWA Ottawa",Institutional kitchen
A135609E-B007-4421-B58C-CF0E0020877F,ANDREW FLECK RIVERVIEW KINDERGARTEN SCHOOL AGE PROGRAM,260 KNOX CRESCENT,Institutional kitchen
B0B946CD-79E4-4617-BE4F-2887850067B8,ANNAVALE HEADSTART PRESCHOOL PROGRAM,250 ANNA Ave,Institutional kitchen
91EA637A-3DAE-4C0F-97B9-46311EAD2877,ANNUNCIATION PARISH HALL,2414 OGILVIE Rd,Institutional kitchen
90E0832C-F4A8-4AC9-83A7-FF014EF3263B,ARAMARK - BANQUET KITCHEN,1000 PALLADIUM Dr,Institutional kitchen
2E8174DB-7CD8-4AF5-A750-541C1BDCEA35,ARAMARK - BELL CLUB,1000 PALLADIUM Dr,Institutional kitchen
E98AF474-1672-4925-B8F0-D1F56CEB9EC2,ARAMARK - BERTS,1000 PALLADIUM Dr,Institutional kitchen
3C6F9360-C760-4704-B240-BA1ABA910CAA,ARAMARK - BROOK STREET LOUNGE,1000 PALLADIUM Dr,Institutional kitchen
3E6AD182-7D78-4920-948E-E33BBF9617C7,ARAMARK - BYTOWN GRILL-2278,1000 PALLADIUM Dr,Institutional kitchen
08DA8221-EEA7-4D72-B1B1-F40440D1C4C7,ARAMARK - CAPITAL EAT- 3123,1000 PALLADIUM Dr,Institutional kitchen
D87E1770-BD09-4FA1-8A45-1F4596CD3F6E,ARAMARK - CAPITAL EATS-3228,1000 PALLADIUM Dr,Institutional kitchen
06234D9C-7056-439E-8FBB-6670009EB2D0,ARAMARK - CAPITAL EATS-3330,1000 PALLADIUM Dr,Institutional kitchen
7EB16399-D724-471C-B87F-952FFC37334C,ARAMARK - CHATIME - CANAL BUILDING,1125 Colonel By Dr.,Institutional kitchen
9A0C2FC3-3402-4AF5-A090-692E9F119712,ARAMARK - CHEF'S KITCHEN-3282,1000 PALLADIUM Dr,Institutional kitchen
7043D3DD-DE1E-458A-AC38-0D4C3D98DB27,ARAMARK - CLASSIC FARE CATERING, RESIDENCE COMMONS - 1125 COLONEL BY Dr,Institutional kitchen
D8F239B9-3FB0-4082-9652-FECDD1602D14,ARAMARK - CLUB CIBC,1000 PALLADIUM Dr,Institutional kitchen
640C00D4-7272-4705-A74D-6B944932F031,ARAMARK - CLUB SEATS NORTH,1000 PALLADIUM Dr,Institutional kitchen
4A336200-FC1F-483B-ABE5-8DBAE4E5C1F6,ARAMARK - CLUB SEATS SOUTH,1000 PALLADIUM Dr,Institutional kitchen
0C3DC3AC-2637-42AF-AF0A-CD0961D7F973,ARAMARK - FOOD & BEVERAGE WARE HOUSE,1000 PALLADIUM Dr,Institutional kitchen
078738FB-323E-43F4-BBE8-85969785B8BB,ARAMARK - FOOD COURT,1125 COLONEL BY Dr,Institutional kitchen
0C124FCA-0D7E-4192-BF9A-AD61919B1B60,ARAMARK - FOOD MARKET-220,1000 PALLADIUM Dr,Institutional kitchen
F6D5AF50-3026-410D-8871-AA8CCF2D3FBD,ARAMARK - GABRIEL PIZZA PREMIUM KITCHEN-3480,1000 PALLADIUM Dr,Institutional kitchen
9A948BBD-1E7B-46ED-898B-54A56ABE682E,ARAMARK - GABRIEL PIZZA-2386,1000 PALLADIUM Dr,Institutional kitchen
7DC1E6A0-2E01-4B26-B520-3DA4E31A25FD,ARAMARK - GABRIEL PIZZA-3281,1000 PALLADIUM Dr,Institutional kitchen
C80481D4-E761-4B75-A4E4-4C326495AB79,ARAMARK - GABRIEL PIZZA-3381,1000 PALLADIUM Dr,Institutional kitchen
791406D3-8883-429C-B69F-1DE17AD62FDF,ARAMARK - GABRIEL PIZZA-WAREHOUSE,1000 PALLADIUM Dr,Institutional kitchen
D56B587E-0A4C-4012-90C0-063A4CA2F06F,ARAMARK - GRAB & GO,1000 Palladium Dr,Institutional kitchen
D6A473EB-BA2E-49BC-A9D8-E4690D96643F,ARAMARK - LAW & ORDERS-3383,1000 PALLADIUM Dr,Institutional kitchen
06AA61C6-31E6-4D7B-BCC6-E449B0F8D64B,ARAMARK - LEGACY KITCHEN ,1000 PALLADIUM Dr,Institutional kitchen
93DC0E64-5535-45EF-83C5-07DDAE7D303E,ARAMARK - LEXUS CLUB,1000 PALLADIUM Dr,Institutional kitchen
5BE519EF-6963-4345-9FD5-B3F474460F46,ARAMARK - LOEB CAFE,1125 COLONEL BY Dr,Institutional kitchen
78B9A6C7-EC22-46D3-9579-F2B85456A90D,ARAMARK - LONE STAR-2383,1000 PALLADIUM Dr,Institutional kitchen
D9AD075F-88E0-486C-A3B2-24BDD95F826A,ARAMARK - MEATINGS-3218,1000 PALLADIUM Dr,Institutional kitchen
5BB1C19C-D3A0-43A4-92C9-4AB801BF4250,ARAMARK - NOKIA CAFETERIA,600 MARCH Rd,Institutional kitchen
EB9486A0-8967-4A03-A6E4-124B84AB49CB,ARAMARK - OTTAWA STREET EATS,1000 PALLADIUM Dr,Institutional kitchen
8DF62568-79ED-4EEC-A2A1-DDB2CAE2A936,ARAMARK - PANTRY A,1000 PALLADIUM Dr,Institutional kitchen
053B6BBE-046A-4FF1-A030-B84436B981B4,ARAMARK - PANTRY B,1000 PALLADIUM Dr,Institutional kitchen
9B281577-8B21-49B7-B8DC-88AD37B48906,ARAMARK - PANTRY D,1000 PALLADIUM Dr,Institutional kitchen
E8D4F81A-C67A-473E-9F1D-D90DAB12BFFE,ARAMARK - ROYAL OAK,1000 PALLADIUM Dr,Institutional kitchen
CEA06AAF-CC3F-4F60-96C7-1663F88C42E1,ARAMARK - SENS EXPRESS- 3434,1000 PALLADIUM Dr,Institutional kitchen
4EFCF5D7-3E27-40D2-89EE-B50794211413,ARAMARK - SENS EXPRESS-3232,1000 PALLADIUM Dr,Institutional kitchen
4C886BDE-72A0-4D37-A38D-D14949A488A2,ARAMARK - SENS EXPRESS-3326,1000 PALLADIUM Dr,Institutional kitchen
30A0FA0A-1C7D-4EF3-B963-7A50D9A6C95F,ARAMARK - SMOKE'S POUTINERIE-3284,1000 PALLADIUM Dr,Institutional kitchen
5E212FDE-0DAE-457E-984D-D2EBA6E0370F,ARAMARK - SMOKE'S POUTINERIE-3384,1000 PALLADIUM Dr,Institutional kitchen
2A098FA8-8DD2-4A28-8818-0DD2A36E6A2A,ARAMARK - SPARTY FAVES-3432,1000 PALLADIUM Dr,Institutional kitchen
DBC2FD58-079B-4BA5-8F15-555A92EE55E4,ARAMARK - STARBUCKS UNI CENTRE - ATRIUM,1125 COLONEL BY Dr,Institutional kitchen
F1461872-A66D-4BF8-B4C4-4F697E611872,ARAMARK - SUBWAY - Athletic Centre,1125 COLONEL BY Dr,Institutional kitchen
C0101C48-A0AB-408F-A03E-E32B3667063F,ARAMARK - TERAANGA COMMONS DINING HALL,1125 COLONEL BY Dr,Institutional kitchen
89C97071-D1D0-45C9-94C7-58AFD348C395,ARAMARK - THE LEDGE,1000 PALLADIUM Dr,Institutional kitchen
598621BC-D6DE-49C0-9FD8-6D221076F692,ARAMARK - THE OASIS AFTER DARK,1125 COLONEL BY Dr,Institutional kitchen
4C556268-09F7-4B5F-9C20-2FF046C93B7B,ARAMARK - TIM HORTONS,1125 COLONEL BY Dr,Institutional kitchen
7EF08958-8982-4CA8-B56C-AA5B088E353B,ARAMARK - TIM HORTONS,1125 COLONEL BY Dr,Institutional kitchen
7D382263-337B-4DE0-922A-3892255D3012,ARAMARK - TIM HORTONS BAKE SHOP ,1000 PALLADIUM Dr,Institutional kitchen
21EB26DF-AC83-4232-B4DE-87D733077AF5,ARAMARK - TIM HORTONS-2386,1000 PALLADIUM Dr,Institutional kitchen
2D23A4D6-1EFD-4F1C-8533-D05355DBDEAF,ARAMARK - TIM HORTONS-3382,1000 PALLADIUM Dr,Institutional kitchen
1EB0C46D-704F-4A12-B511-C92AA9CF8FBA,ARAMARK - TLC-3283,1000 Palladium Dr,Institutional kitchen
FC7D6ECC-08BC-46B7-8C41-38EE5EF699AA,ARAMARK - TSN-2181,1000 PALLADIUM Dr,Institutional kitchen
C558C86D-BF78-4027-823D-DDA1362863E1,ARAMARK - VIZZY-3325,1000 PALLADIUM Dr,Institutional kitchen
14DF68F5-07AD-4C65-A02A-A7A21251ECCF,ARAMARK -PANTRY C,1000 PALLADIUM Dr,Institutional kitchen
993113DE-C214-4812-B3D0-079F1DAF8BE4,ARAMARK CANADA LTD- BOOSTER JUICE,1125 COLONEL BY Dr,Institutional kitchen
B91F4C85-D607-43C7-A74C-AE45635BFC81,ARCH ST PUBLIC SCHOOL,2129 ARCH STREET,Institutional kitchen
4F57A433-1A2E-4A4B-A2F9-D33C1EE7657C,ASPIRA BEARBROOK RETIREMENT LIVING,2645 INNES Rd,Institutional kitchen
0269C3D6-BFD7-433B-96B8-2D3B4729A724,ASPIRA HAZELDEAN GARDENS RETIREMENT LIVING,6130 HAZELDEAN Rd,Institutional kitchen
62935970-11EF-4638-A3AB-AA029358676D,ASPIRA WILDPINE RETIREMENT LIVING,10 Wildpine Ct,Institutional kitchen
E634A47E-405D-4C35-A5AF-AFA1D0AD4264,ASPIRING TENDER THINKERS EARLY LEARNING CENTRE,2618 St Joseph Blvd,Institutional kitchen
A8F79D35-3204-4C4B-BDBD-E9C046680298,ASSUMPTION CATHOLIC ELEMENTARY SCHOOL,236 LEVIS Ave,Institutional kitchen
0ACCF6EC-96D4-44C3-ACF2-8E2F58657201,ATRIA - CRYSTAL VIEW LODGE,6 MERIDIAN Pl,Institutional kitchen
64D6ADC0-77C9-43F8-9835-7D1E7A02B4C1,ATRIA - THE COURT AT BARRHAVEN,1111 LONGFIELDS Dr,Institutional kitchen
E1CC6767-A3B9-40D8-8038-7DB7F64C6275,AVALON PUBLIC SCHOOL,2080 Portobello Blvd.,Institutional kitchen
BFF12EB7-C471-4DEB-8D35-7C96E0D2AD2B,Aramark - Rodney's,1125 Colonel By Dr,Institutional kitchen
6DAF8341-7DD9-43CD-9F8B-165043F31622,BARRHAVEN CHILD CARE CENTRE,56 KENNEVALE Dr,Institutional kitchen
E66F2963-A7EF-4891-ADB8-2BDE51085DBD,BARRHAVEN FELLOWSHIP CHURCH,3058 Jockvale Rd,Institutional kitchen
A812C3DD-7364-4B28-9521-6ACFA4861146,BARRHAVEN UNITED CHURCH,3013 Jockvale Rd,Institutional kitchen
EAEE137F-616D-48A7-94C7-F50323757F68,BAYWOOD SCHOOL AGE PROGRAM,4 BAYWOOD Dr,Institutional kitchen
08F54A80-9CFE-4771-9B6F-0FE0ED94A5F4,BEACON HEIGHTS RETIREMENT RESIDENCE,2201 MONTREAL Rd,Institutional kitchen
63EE1420-802B-469A-B48E-1B314F67A0DF,BEACON HILL COMMUNITY CENTRE,2132 Radford Ct,Institutional kitchen
75D553A5-93E3-42A5-B2FC-D805C2D2CD34,BEACONWOOD SCHOOL AGE PROGRAM,635 La Vérendrye Dr,Institutional kitchen
4ECBA118-6064-4509-896D-41DFE5827A19,BEARBROOK COMMUNITY CENTRE,8720 RUSSELL Rd,Institutional kitchen
FA23C298-C2C5-48A8-B814-40435E67D558,BELL HIGH SCHOOL,40 CASSIDY ROAD,Institutional kitchen
23357E83-CE59-427F-B43A-17D9E62D47CF,BELLS CORNERS CO-OPERATIVE NURSERY SCHOOL,3955 RICHMOND ROAD,Institutional kitchen
31A098A8-E88E-49C0-8502-A0BA2757FCF1,BERNADETTE CHILD CARE CENTRE,100 THOMAS MORE PRIVATE,Institutional kitchen
16E95117-762F-4B5E-8B1D-3B0D0A0BFD9C,BETTYE HYDE ELC A PROGRAM OF ANDREW FLECK CHILDRENS' SERVICES ,43 BLACKBURN Ave,Institutional kitchen
E1A727AA-B957-4F0B-80A6-769C0C190162,BILLINGS LODGE RETIREMENT COMMUNITY,1180 BELANGER Ave,Institutional kitchen
4833B937-53CC-45E3-A612-93213CD36E60,BILLINGSWOOD MANOR,1370 BANK STREET,Institutional kitchen
6D579FDA-2DC2-4E83-8479-F8AB9850680D,BLACKBURN LODGE SENIORS RESIDENCE,2412 CLEROUX CRESCENT,Institutional kitchen
F9E80142-5AA3-4608-A994-B675CE34B882,BLOOM CENTRES FOR EARLY LEARNING,2345 ALTA VISTA Dr,Institutional kitchen
70BC4B21-F6EF-4620-9D51-5CCB16C6AFC3,BLOOM CENTRES FOR EARLY LEARNING - FINDLAY CREEK,2796 Quinn Rd,Institutional kitchen
A0A98A9C-D10F-4954-9AB1-BE8C7BFCFA4F,BORDEN FARM CHILD CARE CENTRE,170 CHESTERTON Dr,Institutional kitchen
4968D888-4C5C-4245-B23B-C797427808DB,BRIDLEWOOD CHILD LEARNING CENTRE,2 STONEHAVEN Dr,Institutional kitchen
49A9FB00-6AE6-49AB-8CB1-35DA1D049582,BROOKSIDE RETIREMENT LIVING,20 SHIRLEY'S BROOK Dr,Institutional kitchen
A8D8AF18-B4DE-48D3-9CD3-DB65FC9CD947,BROWN BEAR DAYCARE,1079 CARP Rd,Institutional kitchen
3841BB03-F561-4D79-9B9D-1CE83CAF7295,BYTOWN CATERING ,380 Sussex Dr,Institutional kitchen
7925EAF8-4E6B-4AD6-9AD2-4E7437027280,Blossom Montessori School,2465 St,Institutional kitchen
B3C6013E-5EAF-407A-8E01-2A4FA663B16E,CAFETERIA COOPSCO,8700 JEANNE D'ARC BOULEVARD N,Institutional kitchen
C4E00CFD-C70B-43DC-9C97-873C5E7F65B5,CAIRINE WILSON SECONDARY SCHOOL,975 ORLEANS BOULEVARD,Institutional kitchen
3D29B361-9DAA-4CA3-A1B0-4FCACE763E9E,CALDWELL FAMILY CENTRE - SERVING KITCHEN,1475 Caldwell Ave,Institutional kitchen
5D73FE2A-ACF4-49D9-9ED8-D034E5F19AAA,CALDWELL FAMILY CENTRE FOOD BANK,6 Epworth Ave,Institutional kitchen
F094F334-9552-4C75-8939-DDC166DE7740,CAMBRIDGE STREET COMMUNITY PUBLIC SCHOOL,250 CAMBRIDGE St N,Institutional kitchen
B2F0F2C2-39F7-4A89-B5BA-9D84D3FC0AF0,CAMP OTTONABEE KITCHEN,1620 SIXTH LINE Rd,Institutional kitchen
43489E49-332C-4BB7-BBB7-F8FB7E5E1E13,CANADIAN BLOOD SERVICES CAFETERIA,1800 ALTA VISTA Dr,Institutional kitchen
F0BB2F58-6462-4172-930E-3D115AB774B7,CANADIAN MOTHERCRAFT - ELMVALE KINDERGARTEN AND SCHOOL AGE PROGRAM,49 Iona St,Institutional kitchen
8A9B9C25-4A6C-40D9-9985-6BF91BF5444B,CANYON WALK CHILD CARE CENTRE,4175 SPRATT Rd,Institutional kitchen
9A1388C5-5529-42C6-A571-1D5310DF0195,CAPITAL CITY MISSION,521 RIDEAU STREET,Institutional kitchen
8C5F00E4-1B10-4B00-85A7-F004B2292AC6,CAPITAL DAY CARE CENTRE,1230 BANK St,Institutional kitchen
4EBCC24C-0A2E-4762-9257-F3FCB3D60377,CARLETON LODGE,55 LODGE Rd,Institutional kitchen
F81ED7EB-6F48-435C-8983-90B3B1EE8DD3,CARLETON MEMORIAL DAY CARE,740 MELFA CRESCENT,Institutional kitchen
9C58914E-9926-4EEC-862C-7B2D0FBCE91F,CARLETON PRESCHOOL,63 EVELYN Ave,Institutional kitchen
6CCD23F3-B0B7-48A7-A717-2DB97CB6D28D,CARLINGTON COMMUNITY HEALTH,900 MERIVALE Rd,Institutional kitchen
5FDBDA88-A691-4170-818E-9FB5E8F659D8,CARP COMMONS RETIREMENT VILLAGE,458 Donald B. Munro Dr,Institutional kitchen
5365AEBD-CFB3-4430-9C73-433EE692D1B1,CATERERS KITCHEN LAB,1749 Bank St,Institutional kitchen
3DC2F3C4-C142-4596-A5F1-B027D8F578D7,CCI TRANSITIONAL HOUSING PROGRAM - QUEEN,230 Queen St,Institutional kitchen
0FEC5A1E-DCDF-4A79-924F-7B0C1A2FC728,CCI TRANSITIONAL HOUSING PROGRAM - ST JOSEPH,1754 St Joseph Blvd,Institutional kitchen
1D985638-87DD-43E0-B0BB-C54C4D4AE9CA,CENTRE DE JOUR GUIGUES,159 MURRAY St,Institutional kitchen
EBC4D767-90BB-4FC6-9E4E-0104CB0DD948,CENTRE EDUCATIF BRIN DE SOLEIL,349 OLMSTEAD St,Institutional kitchen
3CE3D5E7-64B8-4C93-8983-66726E2573C4,CENTRE EDUCATIF COEUR DES JEUNES,100 WALDEN Dr,Institutional kitchen
5E20305C-8BCC-4AD7-AAF4-5B109A536DD7,CENTRE EDUCATIF COEUR DES JEUNES,186 BARROW CRESCENT,Institutional kitchen
F4F2EDAA-3F96-4AF8-9A44-4D277EC7066F,CENTRE EDUCATIF FLORAISON,1154 Gabriel St,Institutional kitchen
9725F7E0-2C9F-4D60-B486-3AB70DED4108,CENTRE EDUCATIF LE CAP - LE PETIT CHENE,675 Monardia Wy,Institutional kitchen
B70399D3-DAF1-494F-9FB4-9C5EB0AC65AD,CENTRE EDUCATIF LES DEBROUILLARDS,307 MONTGOMERY,Institutional kitchen
87F55928-CCFC-4A45-8387-BF051209A672,CENTRE EDUCATIF LES DEBROUILLARDS,135 ALICE St,Institutional kitchen
3D4D53D4-19DE-4F96-926A-1E8809E55059,CENTRE EDUCATIF LES PETITS TRESORS,2919 INNES Rd,Institutional kitchen
4E0A9F9F-6DF7-4389-AF76-571EB45297D6,CENTRE EDUCATIF RENEE TASSE,801 AVIATION Pkwy,Institutional kitchen
A8958DBA-053A-43B0-8399-6B110017BABF,CENTRE EDUCATIF TOURNESOL,194 MCARTHUR Ave,Institutional kitchen
1F7FE490-0C7E-4AA9-8D10-2E3342191A76,CENTRE PARASCOLAIRE ALPHA,1917 GARDENWAY Dr,Institutional kitchen
64DA90F0-B4EA-4229-B388-6E8B77A9B9A3,CENTREPOINTE CHILD CARE CENTRE,75 HEMMINGWOOD WAY,Institutional kitchen
3B8BD457-6AB6-4E6E-9FA4-CDB5D097D8DF,CENTRETOWN PARENT'S CO-OP DAYCARE & EXTENDED CARE / PRE-SCHOOL,376 GLOUCESTER St,Institutional kitchen
4C7AF5DC-B1D5-4954-8552-111A3AC78EC5,CENTRETOWN PARENTS' DAYCARE,94 JAMES St,Institutional kitchen
4FB630C6-44DD-4AF8-ABE0-213D31E02D1D,CENTRETOWN UNITED CHURCH,507 BANK St,Institutional kitchen
B7E961E8-9260-4548-8679-F72478BAD49C,CHAPEL HILL RETIREMENT RESIDENCE,2305 PAGE Rd,Institutional kitchen
6AA05F34-2D7D-443F-A431-9ABA71113598,CHAPMAN MILLS EARLY LEARNING CENTRE,500 CHAPMAN MILLS Dr,Institutional kitchen
C76BC7A5-5614-4E2F-A104-19A902A1B9E6,CHARLES H. HULSE PUBLIC SCHOOL,2605 ALTA VISTA Dr,Institutional kitchen
F651F7A4-AC43-483D-A2CB-FB01110859EE,CHARMIAN CRAVEN CHILD CARE CENTRE,2071 JASMINE CRESCENT,Institutional kitchen
AC453CB6-AC02-4BE9-BD39-9518EBEF7F5D,CHARTWELL BRIDLEWOOD RETIREMENT RESIDENCE,3998 BRIDLE PATH Dr,Institutional kitchen
41C72F76-C9C1-4967-B967-56942BCB4382,CHARTWELL DUKE OF DEVONSHIRE RETIREMENT RESIDENCE,1095 CARLING AVENUE,Institutional kitchen
E55D22EA-3E01-47C8-AA9E-B0F892EBACDF,CHARTWELL EMPRESS KANATA RETIREMENT RESIDENCE,170 McGibbon Dr,Institutional kitchen
4A915CFA-8C6E-4340-B1A2-61DF02693055,CHARTWELL LORD LANDSDOWNE RETIREMENT RESIDENCE,920 BANK STREET,Institutional kitchen
1D6126AF-16CF-42AA-B807-53164276FEED,CHARTWELL NEW EDINBURGH SQUARE,420 MACKAY St,Institutional kitchen
1E247516-5019-4CE4-940E-5B9FC7B7463F,CHARTWELL ROCKCLIFFE RETIREMENT RESIDENCE,100 ISLAND LODGE Rd,Institutional kitchen
0C7E2695-EAB9-4390-8A9A-31099D938B1F,CHARTWELL STILLWATER CREEK RETIREMENT RESIDENCE,2018 ROBERTSON Rd,Institutional kitchen
0EE0608C-0FE1-4ACB-8E27-CA3CE6C1F3C2,CHATEAU LAURIER STAFF CAFETERIA,1 RIDEAU St,Institutional kitchen
F1B93923-61DF-42B1-A721-87DF70DFBFA8,CHEO - PATIENT KITCHEN,401 SMYTH Rd,Institutional kitchen
C2F9A169-3EC8-4F61-8D63-C6A453DCCCED,CHILDREN'S CASTLE DAYCARE,1187 HUNT CLUB Rd,Institutional kitchen
A7FD7BED-46DA-4783-9825-A3B90C53AD18,CHRIST CHURCH CATHEDRAL HALL,439 QUEEN St,Institutional kitchen
D7BE86BB-6E7C-4C01-8A4B-AF7C1D6D9C88,CHRYSALIS HOUSE CHILDCARE, RESTRICTED,Institutional kitchen
30369570-F377-4E05-A637-1FF486FB3925,CHURCHILL CARLING DAYCARE,724 CHURCHILL Ave,Institutional kitchen
0F158EAF-D1D6-4330-99D9-6FA3544F09A2,CHURCHILL CARLING DAYCARE - KSA DIVISION,715 ROOSEVELT Ave,Institutional kitchen
2C99A463-9F95-474E-BAC9-0345DA69BFAC,CISCO CAFETERIA,2000 INNOVATION Dr,Institutional kitchen
51727842-6BE9-473F-8DAC-64FE4E5D9AAC,CITY OF OTTAWA CHURCHILL SENIOR CENTRE,345 RICHMOND ROAD,Institutional kitchen
ED86F068-5837-4A77-9602-EF3BFFBA04C8,CITY VIEW RETIREMENT COMMUNITY,151 Meadowlands Dr W,Institutional kitchen
9AB7915D-99D5-463C-A089-B2951B1F81CF,CIVIC HOSPITAL - PATIENT SERVICES,1053 CARLING Ave,Institutional kitchen
BD40EAA7-7EAF-40A7-9F98-1FAE560E89DA,CLIFFORD BOWEY SCHOOL,1300 KITCHENER Ave,Institutional kitchen
EB100E15-F271-4D87-BEA9-5B82A912E53F,CO-OPERATIVE SCHOOL AGE PROGRAM,260 Levis St,Institutional kitchen
F21976E0-6EA4-4696-B6CD-81C1CBACF934,COLONEL BY CHILD CARE CENTRE-ANDREW FLECK CHILDREN'S SERVICES,1125 Colonel By Dr,Institutional kitchen
6FE0A930-E586-47DF-904A-66EFA6B78FA3,COLONEL BY HIGH SCHOOL,2381 OGILVIE Rd,Institutional kitchen
69BD57B6-2719-4A68-B707-02FB30CB8A47,COMPASS - ABBOTT POINT OF CARE,185 CORKSTOWN Rd,Institutional kitchen
E00C4A11-9846-46C1-A1F3-87F5C918C920,COMPASS - GLOUCESTER HIGH SCHOOL,2060 OGILVIE Rd,Institutional kitchen
F16A2DEC-10F1-4DD9-8AFB-35E59663FDFC,COMPASS GROUP CANADA - 100 CONSTELLATION,100 CONSTELLATION CRESCENT,Institutional kitchen
70D4EE57-77F2-4933-B7AA-C7C2ABCF10B5,COMPASS GROUP CANADA - A.Y. JACKSON HIGH SCHOOL,150 ABBEYHILL Dr,Institutional kitchen
590DAE8E-8F32-403D-BA27-BA2FF810FEEA,COMPASS GROUP CANADA - ALL SAINTS CATHOLIC HIGH SCHOOL,5115 KANATA Ave,Institutional kitchen
A5A34B1D-8348-49DE-99A1-6A52EF2C377A,COMPASS GROUP CANADA - BROOKFIELD HIGH SCHOOL,824 BROOKFIELD ROAD,Institutional kitchen
652F191C-0BB6-4B49-8A75-FECD39FF2B32,COMPASS GROUP CANADA - GLEBE COLLEGIATE INSTITUTE,212 GLEBE Ave,Institutional kitchen
D8F0D9FA-26DE-48A9-A858-1F75CA2A9B80,COMPASS GROUP CANADA - HOLY TRINITY HIGH SCHOOL CAFETERIA,180 KATIMAVIK Rd,Institutional kitchen
9D1AE13E-6183-4D9A-930C-44D83145C2AA,COMPASS GROUP CANADA - IBM,3755 RIVERSIDE Dr,Institutional kitchen
2C6495DE-1462-420C-9D55-BDBC8435DAFF,COMPASS GROUP- THE FIX,1385 Woodroffe Ave,Institutional kitchen
466F4C2F-9DBC-41F2-A902-BFD26E7E7D89,CONFEDERATION COURT FOOD BANK,2312 Russell Rd,Institutional kitchen
20FD8662-71D8-416F-8527-C10133E7F3E9,CONFEDERATION COURT FOOD BANK (SATELLITE LOCATION),2100 Russell Rd,Institutional kitchen
9E128C84-991E-44CA-81DD-4D4BFFB11025,CONNAUGHT PUBLIC SCHOOL,1149 GLADSTONE Ave,Institutional kitchen
D4353F5E-E7B9-4A5D-838F-EAFCFB6C1E9C,CONNAUGHT SCHOOL AGE PROGRAM,1149 GLADSTONE Ave,Institutional kitchen
78C7E64D-1731-4307-BC54-4793650995A2,CONSTANCE AND BUCKHAM'S BAY COMMUNITY CENTRE,262 LEN PURCELL Dr,Institutional kitchen
D6789E2C-8775-4CCF-BE49-594729D5DA4C,COOKHOUSE COMMUNITY KITCHENS,853 Boyd Ave,Institutional kitchen
B69066D7-E024-4199-8EEB-F3E01845FD82,CORKERY COMMUNITY CTRE,3447 OLD ALMONTE Rd,Institutional kitchen
EFD1DA28-C426-40B1-B6F3-792CE838677B,CORNERSTONE CHILDRENS CENTRE,2330 DON REID DR,Institutional kitchen
0F38A616-8F84-41E7-8124-AD1258E7E5E5,CORNERSTONE WOMEN'S SHELTER, RESTRICTED OTTAWA,Institutional kitchen
5421FFE5-95EC-4C30-8567-BCE31F170240,CORNERSTONE WOMENS SHELTER, RESTRICTED ADDRESS,Institutional kitchen
5436682C-35D1-4FC0-BDA2-78078E5C23AF,CREATIVE KOSHER CATERING,2662 ALTA VISTA Dr,Institutional kitchen
5F6D91A2-8EF4-471B-A55E-C00742C01B8F,CRESTWAY CHILD CARE CENTRE,201 CRESTWAY Dr,Institutional kitchen
DA84DD9D-F859-455A-B9C1-AC7374CDD04A,CSLD MONTFORT LONG TERM CARE,705 MONTREAL Rd,Institutional kitchen
775FAB4D-4D12-4992-8A38-425F9DA4AFFE,CURTISS WRIGHT CONTROLS CAFETERIA,333 PALLADIUM Dr,Institutional kitchen
90544C12-6B8F-4140-9C80-52319334CFB3,DALHOUSIE PARENTS DAY CARE,391 BOOTH St,Institutional kitchen
AC35EBB5-C2B7-47EA-B9C4-BA91B96F7DE4,DEVONSHIRE SCHOOL AGE PROGRAM,100 BREEZEHILL Ave N,Institutional kitchen
280C80A5-84D5-4CF0-89D7-6CAD82FB3EEE,DOLPHIN TALE CHILD CARE LTD,59 IBER Rd,Institutional kitchen
E8D26E8F-9CDB-4AD7-99EC-AB6165A289AA,DOWS LAKE DAY CARE,580 BOOTH St,Institutional kitchen
A7149B13-9BF7-455C-8464-64DD4899146A,DR. ERNEST COUTURE CHILD CARE CENTRE,2185 RIVERSIDE Dr,Institutional kitchen
CDF7AD88-8AA4-405A-891E-CCD5317F9531,DUNROBIN COMMUNITY CENTRE,1151 THOMAS A. DOLAN  PARKWAY,Institutional kitchen
E7EBD0E9-BFF0-4B96-9A49-D9B2D8760653,EARL OF MARCH SCHOOL CAFETERIA,4 PARKWAY (THE),Institutional kitchen
0EDF0C92-5626-410A-A949-D3AD7478AD24,EARLY BEGINNINGS MULTICULTURAL CHILD DEVELOPMENT CENTRE OF OTTAWA-CARLETON,11 NADOLNY SACHS PRIVATE,Institutional kitchen
2F6DD588-92C8-49D7-AAF8-F479F610E51F,EARTH KIDZ EARLY LEARNING CENTRE,117 Centrepointe Dr,Institutional kitchen
0E101126-3187-448F-86D1-F91FA482BD0A,EARTH KIDZ EARLY LEARNING CENTRE - MANOTICK,1138 O'Grady St,Institutional kitchen
FF88555E-6D2A-46F8-9229-5762AC169C77,ECOLE CATHOLIQUE PIERRE-SAVARD,1110 Longfields Dr,Institutional kitchen
6B1CE0E3-DCD5-4A5D-A56E-C1036E085F29,ECOLE GABRIELLE ROY,3395 D'AOUST Ave,Institutional kitchen
4529B243-B1E6-4768-A8D5-3452C3A85CA6,ECOLE GISELLE LALONDE H.S.,500 MILLENNIUM BOULEVARD,Institutional kitchen
5E3839B0-ECED-43E9-9CE9-6E929C5844D6,ECOLE SECONDAIRE BEATRICE DELOGES,1999 PROVENCE Ave,Institutional kitchen
ABC80B8E-55A2-423E-9A28-9F4E8DBDCCDA,ECOLE SECONDAIRE CATHOLIQUE PAUL-DESMARAIS,5315 Abbott Street East,Institutional kitchen
467DE67C-FEE6-4DC5-AE16-24973CF325B6,ECOLE SECONDAIRE PUBLIQUE PIERRE-DE-BLOIS,1310 Chapman Mills Dr,Institutional kitchen
B3E0C638-6A39-428A-A1E9-C3046DCE2493,ECOLE ST FRANCOIS D'ASSISE,35 MELROSE Ave,Institutional kitchen
746861F5-BAB9-4698-824C-F417D8D66B0E,EDGEWOOD CARE CENTRE,9 STEVENS Ave,Institutional kitchen
883B7F60-AE20-4503-A1A5-67CD4AA093BE,EDGEWOOD CHILD CARE CENTRE,9 STEVENS Ave,Institutional kitchen
D8AFD4D8-57E2-4B0C-B37A-319B5868B622,EDUCARA MONTESSORI,275 Tartan Dr,Institutional kitchen
22EC8408-5DA9-4940-92C2-D50F8AB9663C,ELISABETH BRUYERE HOSPITAL - PATIENT SERVICES,43 BRUYERE St,Institutional kitchen
CA93A55B-083D-42EF-BB2A-9681A42CA697,ELISABETH BRUYERE HOSPITAL - RESIDENCE,43 BRUYERE St,Institutional kitchen
844A3D11-BE5B-433B-9169-8302B92141EB,ELISABETH BRUYERE HOSPITAL- CHADI'S CORNER STORE,43 BRUYERE St,Institutional kitchen
B51C3238-B641-445E-BF73-1F5981B48BBC,ELIZABETH BIGGARS EARLY LEARNING CENTRE,1149 Gladstone Ave,Institutional kitchen
59EEFD6E-4624-4983-BA03-3A0E3EEED685,ELIZABETH WYNWOOD ALTERNATIVE PROGRAM,20 ROSSLAND Ave,Institutional kitchen
540C85B6-0CD1-437E-A753-88AF926DB3F3,ELMRIDGE SCHOOL AGE PROGRAM,1923 ELMRIDGE Dr,Institutional kitchen
B66B3981-6A78-4318-B803-D998D0B81A2A,ELMWOOD SCHOOL,261 BUENA VISTA Rd,Institutional kitchen
AA1286F7-804C-4A86-8EF0-722D231E57AA,ELMWOOD SCHOOL-CAFETARIA,261 BUENA VISTA Rd,Institutional kitchen
96421F44-1C20-4121-83F3-05B5D1F0AB99,EMERALD MEADOWS SCHOOL AGE PROGRAM,500B STONEHAVEN Dr,Institutional kitchen
68B248BE-8914-4E21-AB92-FDCB6FE9DBB8,EMERGENCY FOOD BANK-RIDEAU ROCKLIFFE COMMUNITY RESOURCE CENTRE,815 St LAURENT,Institutional kitchen
56EA2043-0C17-4E73-8D0D-8C58CA776657,ESSENCE CATERING,430 PARKDALE Ave,Institutional kitchen
939CD783-4435-4946-A8EE-9A9EB4D82C5C,EXCELSO - ERICSSON CAFETERIA,349 TERRY FOX Dr,Institutional kitchen
EE471B85-F201-4A26-B94C-76A5843276DC,EXTENDICARE BEAUCLAIRE,555 Famille-Côté Ave,Institutional kitchen
EE3A68E4-11EE-4D8C-936F-45F63128885C,EXTENDICARE CARLINGVIEW MANOR,2330 CARLING Ave,Institutional kitchen
51742B1A-11B2-41FF-B880-E6959ECFA6F0,EXTENDICARE CROSSING BRIDGE,2510 Wellings Private,Institutional kitchen
CB61626C-5BF3-4872-8EF7-B7EEB9BB6B72,EXTENDICARE LAURIER MANOR,1715 MONTREAL Rd,Institutional kitchen
8EBF0220-A045-44C7-B912-208A55197133,EXTENDICARE LONGFIELDS MANOR LONG-TERM CARE HOME,330 BEATRICE Dr,Institutional kitchen
6746CB7A-899E-469E-81F7-A4B3F39F8ECE,EXTENDICARE MEDEX,1865 BASELINE Rd,Institutional kitchen
3FBA6CC8-650B-4E10-A322-2183346564AD,EXTENDICARE NEW ORCHARD LODGE,99 NEW ORCHARD Ave,Institutional kitchen
55440394-D939-45A7-9038-9562245FDFBE,EXTENDICARE STARWOOD,114 Starwood Rd,Institutional kitchen
48508F15-911F-417C-A5FD-EC37279A8167,FAIRFIELD MANOR RETIREMENT RESIDENCE,17 Lombardo Dr,Institutional kitchen
A7BDEECC-F060-4194-BD03-B704F7C428F9,FAIRVIEW CHILD CARE CENTRE,437 DONALD St,Institutional kitchen
B251CC17-9BB0-42FA-BF73-6FEEB7518884,FALLINGBROOK SCHOOL AGE PROGRAM,679 DEANCOURT CRESCENT,Institutional kitchen
1F305B21-EBA5-4A52-81E0-EF4525942E1B,FEATHERSTON DRIVE SCHOOL,1801 FEATHERSTON Dr,Institutional kitchen
DD31FE24-397E-4DCD-8A7A-435305A69EFA,FERN HILL SCHOOL,50 VAUGHAN St,Institutional kitchen
040E4016-8E7D-4CFE-8DEC-C0F82F9D6AD9,FERNBANK CROSSING EARLY LEARNING CENTRE,60 Defence St,Institutional kitchen
C198F9D9-4009-40E7-8502-98385E20EE69,FIRST AVE DAYCARE,73 FIRST Ave,Institutional kitchen
93909BCF-2708-4621-BC7D-78BAEC7FEC1C,FIRST JOURNEY MONTESSORI,1551 LAPERRIERE Ave,Institutional kitchen
179B9F76-AA95-47A8-A7B8-43A5647844FC,FISHER PARKS PUBLIC SCHOOL,250 HOLLAND Ave,Institutional kitchen
72C25871-58B4-4C9B-8400-58BDFDFFD9D6,FLAGSTAFF EARLY LEARNING CENTRE,135 Main Halyard Ln,Institutional kitchen
F6B458BD-289B-4C99-8947-1436C9CF61A7,FLORENCE DAY CARE,79 FLORENCE St,Institutional kitchen
8AA07C3B-3346-4854-B242-109AD3C311D8,FOREST VALLEY SCHOOL AGE PROGRAM,1570 FOREST VALLEY Dr,Institutional kitchen
952BBA14-4450-420E-82AA-5226CD758C9F,FOSTER FARM - COMMUNITY KITCHEN,1065 RAMSEY CRESCENT,Institutional kitchen
BF9795C3-AD88-474C-840A-C8BCD16695D5,FOSTER FARM CHILD CARE CENTRE,1065 RAMSEY CRESCENT,Institutional kitchen
D7F68C0B-4BF1-4582-B3E3-9A76BB127A66,FRED G. BARRETT ARENA COMMUNITY HALL,3280 LEITRIM Rd,Institutional kitchen
4C4D030F-4918-44EF-BA45-1703ACB5431B,FRINGEWOOD COMMUNITY CENTRE,14 FRINGEWOOD Dr,Institutional kitchen
A8B86E13-AD48-4740-84CD-11B2E49EFC96,FUTURE SCHOLARS MONTESSORI ACADEMY,1920 Bank St,Institutional kitchen
A734EFCE-EC42-49D9-BC34-23BEDAB7F9F7,Family Table Catering,276 Preston St,Institutional kitchen
3467B566-ACD1-4E91-996E-0303F7759A39,GARDENWAY SCHOOL AGE PROGRAM,2133 GARDENWAY Dr,Institutional kitchen
A1447754-F262-4C45-886B-7B4ADC9E1F88,GARDERIE BEAUSOLEIL,333 YORK St,Institutional kitchen
0CB57BD9-A6C0-4221-A264-2C26CFF2A978,GARDERIE HERITAGE CHILD CARE CENTRE,1425 St Joseph Blvd,Institutional kitchen
8D0338B3-B7B2-4EC0-AB5D-140F17C75657,GARDERIE LA COCCINELLE - AU COEUR D'OTTAWA,88 MAIN St,Institutional kitchen
7ACDAD6D-AD35-4289-BD25-143C52982C40,GARDERIE LA COCCINELLE - COEUR D'OTTAWA - TEMP,61 Main St,Institutional kitchen
317B489E-1C5E-4F34-B580-F8F7D6B724FB,GARDERIE LA TOUPIE,4275 Innes Rd,Institutional kitchen
E9579D2B-8F14-4176-90CF-B78ED0DC9729,GARDERIE LE CARREFOUR/ECOLE STE-GENEVIEVE,2198 Arch St,Institutional kitchen
EA423276-B59A-4994-B2F0-5F3DBFE9BDB4,GARDERIE LE PARASOL,14 FOUR SEASONS Dr,Institutional kitchen
F6D487F4-6DDE-4BC2-B671-5176FE52D071,GARDERIE OASIS CHILD CARE,507 SMYTH Rd,Institutional kitchen
75E2FFB2-48F2-4F16-AC9B-3EB1E31938F5,GARDERIE PROVIDENCE DAY CARE,998 FRANCES St,Institutional kitchen
2C38036E-63A4-4343-B4F5-4BA8BAB2845F,GARDERIE TUNNEY'S CHILD CARE,150 Tunney's Pasture Driveway,Institutional kitchen
A613B61D-C8A8-4422-AFBE-36402626795E,GILMORE CAFETERIA,120 HERZBERG Rd,Institutional kitchen
03AAE0AC-5987-4D36-8408-7156C526FB0A,GLASHAN PUBLIC SCHOOL,28 ARLINGTON Ave,Institutional kitchen
072B325D-E134-404F-8F8D-F89AD2572534,GLEBE COMMUNITY CENTER,175 THIRD AVENUE,Institutional kitchen
F644AE17-05D1-4F51-BE7B-B06B5865FF8E,GLEBE MONTESSORI SCHOOL,650 LYON St S,Institutional kitchen
1D65D05D-C2A9-4818-A70A-6B370C6D765E,GLEN CAIRN COMMUNITY CENTER,186 MORRENA Rd,Institutional kitchen
99F69EBC-9031-4456-9F1D-1DD44C944383,GLOUCESTER HIGH SCHOOL BREAKFAST CLUB,2060 Ogilvie Rd,Institutional kitchen
E2F3E373-4B6F-40EB-8B06-7EC6B5ED1DD9,GOOD SHEPHERD CHURCH,3092 INNES Rd,Institutional kitchen
91C56510-9511-4915-A3D3-7B085D6E02E0,GOVERNOR'S WALK RETIREMENT RESIDENCE,150 STANLEY Ave,Institutional kitchen
A3CD377B-9F2A-4A0C-9864-3A49471ED16D,GRACE HILL MANOR,1510 St Joseph Blvd,Institutional kitchen
027B53FC-B3C6-4FE0-B399-087D9722F148,GRANDIR ENSEMBLE -  ECOLE ELEMENTAIRE CATHOLIQUE SAINT-JEAN-PAUL II,5473 ABBOTT Rd,Institutional kitchen
4AF19FBE-8E1D-475F-BA63-DAF78AEFC2E4,GRANDIR ENSEMBLE - ECOLE ELEMENTAIRE CATHOLIQUE PIERRE-ELLIOTT-TRUDEAU,601 LONGFIELDS Dr,Institutional kitchen
E2261FF3-1BD8-486E-B2D8-1A9607F731D6,GRANDIR ENSEMBLE - ECOLE JEAN-ROBERT-GAUTHIER,651 CHAPMAN MILLS,Institutional kitchen
295672D0-415D-427C-AF5D-34C479285896,GRANDIR ENSEMBLE - ECOLE SAINTE-KATERI,2450 RIVER MIST Rd,Institutional kitchen
33E3695B-AF73-4C7D-9935-1A761BA48D11,GRANITE RIDGE CARE COMMUNITY,5501 ABBOTT St E,Institutional kitchen
D7DB1D98-CFC5-4871-A9C3-0523778EB9F0,GREELY COMMUNITY CENTRE,1448 MEADOW Rd,Institutional kitchen
7598D517-1C04-4074-92DB-2B90E4C34A58,GUIDE AND GROW - PRESCHOOL PROGRAM,3013 Jockvale Rd,Institutional kitchen
7E930C3B-9805-4C97-9D21-82D0F44D43BB,GUIDE AND GROW - STEM PRESCHOOL PROGRAM,2874 Longfields Dr,Institutional kitchen
C105BA1B-B0AE-4FF9-9689-F593022BAF50,GUIDE AND GROW - TODDLER PROGRAM,3058 JOCKVALE ROAD,Institutional kitchen
B30C774C-C690-499A-885F-969DA0AC703A,HAPPY ZONE DAYCARE,511 Lacolle Way,Institutional kitchen
85AB9333-8BD3-4553-A818-97C605B6AA35,HARD ROCK CASINO- STAFF KITCHEN ,4837 Albion Rd S,Institutional kitchen
348213E0-E88D-4849-9750-F86C35CF0B65,HARVEST HOUSE MINISTRIES,3435 RAMSAYVILLE Rd,Institutional kitchen
1E8715EE-AD80-4ECD-82BB-388C3FBD4E86,HAWTHORNE PUBLIC SCHOOL,2158 ST. LAURENT BOULEVARD,Institutional kitchen
11DCD7ED-08EC-4DD6-9F4F-6BCF67D4B183,HCO - MAY COURT HOSPICE,114 CAMERON Ave,Institutional kitchen
F69F2732-EE98-4661-BE15-CCF08868B1F6,HERITAGE ORLEANS RETIREMENT COMMUNITY ,6419 LUMBERMAN WAY,Institutional kitchen
4B797683-8931-4FF0-8FC8-21CC43D43DE7,HERON EMERGENCY FOOD CENTRE,1480 Heron Rd,Institutional kitchen
95B47D9B-8B14-4F30-9E7D-2D55C79706DA,HERON GATE EARLY LEARNING CENTRE,1620 HEATHERINGTON Rd,Institutional kitchen
B5379E48-1957-4F7D-8602-82DFCCDD1934,HILLEL LODGE,10 NADOLNY SACHS PRIVATE,Institutional kitchen
9537792C-21AA-438B-A5C9-85664046F96F,HOLY SPIRIT PARISH,1489 Shea Rd,Institutional kitchen
20DC5CA3-2822-494B-B42C-03669595FBAC,HOLY SPIRIT SCHOOL AGED PROGRAM,1383 STITTSVILLE MAIN St,Institutional kitchen
60585349-921F-4530-A399-45DCF20CCA8D,HOPEWELL DAY CARE,17 HOPEWELL Ave,Institutional kitchen
97ADABEF-4B84-46B2-94BB-2EEABEA7BFE5,HURON EARLY LEARNING CENTRE,24 CAPILANO Dr,Institutional kitchen
09FBA503-ED54-4037-B889-25FA8441EC76,Hunt Club Early Learning Center,1216 Hunt Club,Institutional kitchen
9839CF5D-AC4F-493F-982D-1588B2DCC9F7,IMAGINATION STATION PRESCHOOL AND KINDERGARTEN,5891 HAZELDEAN Rd,Institutional kitchen
62128D9E-C6AC-47D3-B998-AA880CECA0C4,IMMACULATA HIGH SCHOOL,140 MAIN St,Institutional kitchen
2B715956-96D4-4543-BBBC-87DD9614445B,JACKSON TRAILS EARLY LEARNING CENTRE,1145 STITTSVILLE MAIN St,Institutional kitchen
D704B654-C1B4-44EA-851A-223C593D84D4,JOHN HOWARD SOCIETY - KIRKPATRICK HOUSE,591 MACLAREN St,Institutional kitchen
4C29D814-7FAE-47C2-A578-FB3D3D100779,JOHN HOWARD SOCIETY OF OTTAWA,55 Carruthers Ave,Institutional kitchen
7408BC23-632A-4EC9-979B-9EE98967BB73,KANATA ACADEMY PRIVATE SCHOOL,180 HUNTMAR DR,Institutional kitchen
75C50986-B7EE-444F-AB3A-4121CF82990E,KANATA HERITAGE CHILDCARE CENTRE,101 Schneider Rd,Institutional kitchen
E38F4119-69FD-4E34-B5C4-D54E94E9033B,KANATA MONTESSORI SCHOOL,355 MICHAEL COWPLAND Dr,Institutional kitchen
3164CBFF-1397-4734-B023-33A25C3A7D3D,KANATA MONTESSORI SCHOOL,630 CAMERON HARVEY Dr,Institutional kitchen
A59C35C6-5FCC-4C62-9E67-EB9E09C5DD32,KANATA NORTH EARLY LEARNING CENTRE,232 Herzberg Rd,Institutional kitchen
3EC5CB69-A3BF-4C7B-9C08-35FDD537C1BE,KANATA RIDGE RETIREMENT COMMUNITY,27 WEAVER CRESCENT,Institutional kitchen
AF92B0AA-5D23-4F63-A690-4FA192DFCCCC,KANATA UNITED CHURCH,33 Leacock Dr,Institutional kitchen
CCD1E415-ACC2-4E94-BDA1-E82F4BF4410C,KARS COMMUNITY RECREATION CENTRE,1604 OLD WELLINGTON St,Institutional kitchen
8623D891-E7A0-401A-9C18-C31695EF29CA,KATIMAVIK EARLY LEARNING CENTER,180 KATIMAVIK Rd,Institutional kitchen
9BC99028-49DA-4B7A-B5E2-D46DE64C2C65,KENMORE COMMUNITY CENTRE,3242 YORKS CORNERS Rd,Institutional kitchen
A1B23E84-7CC0-4407-9A57-BA9FFA5C9470,KEYWORTH EARLY LEARNING CENTRE,130 KEYWORTH Ave,Institutional kitchen
CAE14410-C6B2-4375-85AB-DDA243D0C5E6,KINBURN COMMUNITY CENTRE WELL SUPPLY,3045 KINBURN SIDE Rd,Institutional kitchen
DA19E81F-FE4A-4DEC-9C5A-6E4427D4AAA5,KINDERBROOK MONTESSORI SCHOOL,135 Michael Cowpland Dr,Institutional kitchen
84B60DA6-C219-4B45-AD38-13DD93D85F95,KINDERVILLE DAYCARE,1644 BANK St,Institutional kitchen
98782526-673F-466E-8712-1627BE74AA07,KNOX PRESBYTERIAN CHURCH & OUT OF THE COLD,120 Lisgar St,Institutional kitchen
DAC5916F-637C-4E00-B0F3-3C0E7DADC8FB,KRP FAMILY CENTRE,100 HELMSDALE Dr,Institutional kitchen
9C3B28A9-95ED-4B8D-A0C6-EFED94BE3A6E,KRP FAMILY CENTRE SUMMER CAMP,325 Sandhill Dr ,Institutional kitchen
446A3114-7431-4E80-9D1A-86467B22A46B,LA CITE STUDENT ASSOCIATION FOOD BANK,801 Aviation Pkwy,Institutional kitchen
E2467078-8E71-4D1C-8567-FEBF0755BE7C,LA CLEMENTINE SCHOOL AGE,3395 D'AOUST Ave,Institutional kitchen
9BD208AD-AD9F-40D2-B6AC-FA4DADBB3405,LADY MACDONALD CHILDCARE CENTRE,401 STONEHAVEN Dr,Institutional kitchen
F5BFCED2-125E-44C1-BDD1-1F84F7FD8855,LE CARREFOUR D' OTTAWA DAYCARE,35 MELROSE Ave,Institutional kitchen
1564F7F2-4EDA-441A-8350-DDE429770535,LE CERF-VOLANT - ECOLE TERRE DES JEUNES,1303 FELLOWS Rd,Institutional kitchen
DB89D832-3EED-475B-88ED-5E180386B18A,LEITRIM MONTESSORI PRESCHOOL,4861 BANK St,Institutional kitchen
A883AA5D-FB24-4926-BB52-C46792E1F7E9,LEPAGE MANOR,1400 LEPAGE Ave,Institutional kitchen
511C433A-983C-4349-86E7-DA6B9ECDC815,LES TRAITEURS BYTOWN CATERING,5480 CANOTEK ROAD,Institutional kitchen
78D9E9D5-6B3A-4EB5-A7D8-7A50149091C8,LESTER B PEARSON (D.H.),2072 JASMINE CRESCENT,Institutional kitchen
04AB0928-21B8-4CD9-9753-EE6DEA820DB4,LEVANTE-HUNT CLUB MANOR,1351 HUNT CLUB Rd,Institutional kitchen
AC9EF88C-B1DF-46DB-A453-44231FA85EE7,LILY MONTESSORI CHILD CARE,418 Moodie Dr,Institutional kitchen
2A8ED311-F544-434E-A2C9-9C6FCA51EF29,LILYTHORNE RETIREMENT COMMUNITY,4755 Bank St,Institutional kitchen
DBEF975D-8FCB-432C-AB6F-842781C2FA0C,LITTLE ACORN EARLY LEARNING CENTRE,1921 OGILVIE Rd,Institutional kitchen
5E0DC7F3-A04C-4174-AC17-8E498E8CB002,LITTLE EXPLORERS REGGIO EMILIA PRE-SCHOOL,6 DEAKIN St,Institutional kitchen
6259DB00-C9FA-4BB9-BCCD-CDB9B646CA17,LITTLE EXPLORERS REGGIO EMILIA PRE-SCHOOL,2900 Jockvale Rd,Institutional kitchen
C9AF6A3A-9C21-43D6-9735-31C96883A888,LITTLE HEROES DAYCARE CENTRE,80 Terence Matthews Crescent,Institutional kitchen
4165B4BF-6246-482C-8F9C-5BD900504246,LITTLE LOVE BUG DAYCARE,1160 MAITLAND Ave,Institutional kitchen
D70AEB35-AE58-4061-9F64-603BE8455E79,LITTLE MONKEYS CHILDCARE & PLAY CENTRE,1650 QUEENSDALE Ave,Institutional kitchen
9F93B622-0688-4F73-AA48-C8F5F5984C9E,LOLACHERS CATERING,1620 MICHAEL St,Institutional kitchen
849B1C1B-A4A4-4672-B80B-6FF8B5B0F416,LONGFIELD DAVIDSON HEIGHTS SECONDARY SCHOOL,149 BERRIGAN Dr,Institutional kitchen
E0CAB221-6876-4CE8-982C-73E37CE1B7D4,LOWERTOWN COMMUNITY HOUSE,145 BEAUSOLEIL Dr,Institutional kitchen
85E4B0D2-D098-48F7-9CD3-76B374084CEE,LYNWOOD EARLY LEARNING CENTRE,3877 RICHMOND Rd,Institutional kitchen
FFC817AB-4EF5-4080-9031-B325724ADDE4,MAKONSAG INDIGENOUS CHILD CARE,1770 Courtwood Crescent,Institutional kitchen
654CEFB3-6C2B-4455-9025-D89021C10543,MANOR PARK CHILD CARE CENTRE,1805 Gaspé Ave,Institutional kitchen
B66785D0-6F5A-464E-9DD9-A0520CF84C1E,MANOR PARK PUBLIC SCHOOL,100 BRAEMAR Ave,Institutional kitchen
F00E7FA2-6986-4CD4-84C4-42B9E659D965,MANORDALE PUBLIC SCHOOL,16 CAROLA STREET,Institutional kitchen
60BEBEE6-E9F0-41FD-8F20-59462D59DCFD,MANOTICK MONTESSORI,5710 LONGSHADOW St,Institutional kitchen
FC7A5CEA-4CD5-4CD7-940F-9050317F32A1,MAPLEWOOD SECONDARY SCHOOL,700 Cope Dr,Institutional kitchen
740538A3-F413-4ADE-95DF-06113E1E2DEE,MARCHWOOD EARLY LEARNING CENTRE,785 Goulbourn Forced Road,Institutional kitchen
E99797FE-64BE-4CF7-877D-E902299B9D93,MATRESHKA DAYCARE,207 WOODROFFE Ave,Institutional kitchen
8A4E764F-F749-4C91-9B8F-05EC656A608A,MEMORIES AND MILESTONES DAYCARE,276 Sunnyside Ave,Institutional kitchen
BE49995C-2753-4FA6-BF03-9345CF0F7C06,METCALFE NURSERY SCHOOL,8140 VICTORIA St,Institutional kitchen
5EB0498C-F80A-4110-8D3E-2AEE3440E225,METROPOLITAN BIBLE CHURCH,2176 PRINCE OF WALES Dr,Institutional kitchen
F69B514E-6111-4046-9CB3-46A31783C711,MICHELLE HEIGHTS CENTRE,2955 MICHELE Dr,Institutional kitchen
35CE1B17-1A80-44D9-8CCE-83DBB4B7748C,MICROTEL INN & SUITES BY WYNDHAM KANATA CAFETERIA,340 Huntmar Dr,Institutional kitchen
EF47FFFF-9575-4A8C-85D0-C2E4B60044D8,MIFO ECOLE DES PINS,1487 RIDGEBROOK Dr,Institutional kitchen
BACF9186-8146-489F-9B18-9454DCA28DC5,MIFO ECOLE DES PIONNIERS,720 MERKLEY Dr,Institutional kitchen
AD5B45DC-653B-4F08-912A-FB4E30ADEA52,MIFO ECOLE DES VOYAGEURS,6030 VOYAGEUR Dr,Institutional kitchen
98F259B1-E3F7-4CF9-AAA4-5A461EADC0F5,MIFO ECOLE L'ETOILE DE L'EST,6220 Beauséjour Dr,Institutional kitchen
36C738D0-75E6-4336-8E98-020460F800AC,MIFO ECOLE SAINTE MARIE,2599 Innes Rd,Institutional kitchen
88EC6140-DACF-4A08-8D6C-F5A4EA1006EC,MIFO ECOLE ST-JOSEPH D'ORLEANS,6664 CARRIERE St,Institutional kitchen
8C998849-C97B-4938-BF8A-2058E94604DC,MINO MIKAN EARLY LEARNING CENTRE,820 Miikana Rd,Institutional kitchen
3C69417C-3391-4F02-BA16-12A27E334618,MLACAK ARENA CAFETERIA,2500 CAMPEAU Dr,Institutional kitchen
95A30B3E-F6FD-4F67-A815-26DE07BC4EDA,MLACAK ARENA SENIOR CENTRE,2500 CAMPEAU Dr,Institutional kitchen
3AE69C99-DE51-40B4-B0BE-04F29A1DFBFE,MONTESSORI BY BRIGHTPATH - FALLOWFIELD,3500 FALLOWFIELD ROAD,Institutional kitchen
48E9C4F3-D988-4D60-8866-06D3D412785D,MONTESSORI BY BRIGHTPATH - KANATA,90 Maple Grove Rd,Institutional kitchen
A6F59B17-D598-4DC6-B640-D9219DC5AB1D,MONTESSORI BY BRIGHTPATH - STRANDHERD,4100 STRANDHERD Dr,Institutional kitchen
C21CADF2-F4C0-4490-ACBF-3E7E385C90A8,MONTESSORI BY BRIGHTPATH - WOODROFFE,2910 WOODROFFE AVENUE,Institutional kitchen
E64926DD-9519-4EC4-9BBE-C5C7A8F72A2F,MONTFORT HOSPITAL- CAFETERIA,713 MONTREAL Rd,Institutional kitchen
390F9F88-CCC9-4198-8D42-624FA3B631DF,MONTFORT HOSPITAL- PATIENT KITCHEN,713 MONTREAL Rd,Institutional kitchen
6D417648-C02D-4DFB-A706-06F6A46D1B04,MOTHERCRAFT OTTAWA CHILD CARE CENTRE,475 EVERED Ave,Institutional kitchen
16B56119-3655-4221-BE95-C3F24D9E2B77,MOTHERCRAFT OTTAWA WATERBRIDGE PROGRAM,75 WATERBRIDGE Dr,Institutional kitchen
03689DB7-E111-409D-AA48-84F538714E6D,MOUNTSHANNON EARLY LEARNING CENTRE,60 MOUNTSHANNON Dr,Institutional kitchen
A4C0F23E-909A-465D-A885-23B8362E7B5C,MUNSTER COMMUNITY CENTRE,2890 MUNSTER Rd,Institutional kitchen
D337F2BC-B000-4DB4-9AC2-889DB831EBCB,MUTCHMOR SCHOOL AGE,185 FIFTH Ave,Institutional kitchen
417EA621-261F-4534-8A22-682F38216F3B,MY CATERER,180 Argyle Ave,Institutional kitchen
985FB117-F7BF-4AD2-A883-0F4A16B8034D,MY CATERER,1228 Old Innes Rd,Institutional kitchen
F870FD24-C3B5-44AB-A36B-72616803CEDA,MY CATERING GROUP,1 Vimy Pl,Institutional kitchen
846D7D2B-0B87-4A26-9243-14342BAAEA85,MY LITTLE PRESCHOOL,815 RIVER Rd,Institutional kitchen
7E8CB028-01C7-4F3B-AB5F-E82D4924DD78,MYRIAM M DAYCARE,1200 Walkley Rd,Institutional kitchen
008DD01E-00DF-43B1-9838-9A5EC22FC5A7,Mooney’s Bay Intergenerational Early Learning Centre,2826 Springland Dr,Institutional kitchen
EA65F65D-8B35-450D-A338-4887AE4D20D2,NANNY GOAT HILL NURSERY SCHOOL,755 SOMERSET St W,Institutional kitchen
CB060B65-A377-4C2C-A9D0-EFA371D4B1BE,NATURE & NURTURE CHILDCARE SERVICES INC,50 STEACIE Dr,Institutional kitchen
8CAF7E1A-B062-4B8D-B60B-35762427B609,NEPEAN HIGH SCHOOL,574 BROADVIEW Ave,Institutional kitchen
597372AB-3BDE-4EA3-B045-236ED82072E9,NEPEAN SEVENTH-DAY ADVENTIST CHURCH,4010 Strandherd Dr,Institutional kitchen
88695B6B-5D4C-47A2-8B7C-2382E3924DF0,NORTH GOWER COMMUNITY CENTRE,2300 COMMUNITY WAY,Institutional kitchen
31858253-8A50-4007-8E5A-4EBED1C50D9B,NORTH GOWER UNITED CHURCH,2332 CHURCH St,Institutional kitchen
9E1DD2EB-AF28-459B-8089-69AC9CDDA553,OCDSB EARLY LEARNING CENTRE WOODROFFE HIGH SCHOOL,2410 GEORGINA Dr,Institutional kitchen
7D1FF004-EBCE-4F79-A7F7-1CC1E81EA583,ODAWA EARLY ON CHILD AND FAMILY CENTRE,815 St Laurent Blvd,Institutional kitchen
E64A006A-F368-4AB4-AAB4-AE06658AF705,OGILVIE VILLA RETIREMENT COMMUNITY,1345 OGILVIE Rd,Institutional kitchen
3D7C1D67-1589-4D41-AA6F-08BECA8B64B8,OLD OTTAWA SOUTH COMMUNITY CENTER,260 Sunnyside Ave,Institutional kitchen
A9322515-AE74-45C4-A8BD-BB6F7663AA56,OLIVIA CATERING SERVICES,700 March Rd,Institutional kitchen
E5FA9501-65FF-4FAC-9CF3-CA4265FDF9A2,ORCHARD WALK RETIREMENT RESIDENCE,1491 MANOTICK STATION Rd,Institutional kitchen
909E958F-B3A3-4F1B-AE12-FA4DF3297708,ORCHARDVIEW MONTESSORI,1367 St Joseph Blvd,Institutional kitchen
99995DC9-A11E-4F65-8D39-822F48F22C42,ORLEANS MONTESSORI CHILDREN'S HOUSE INC.,1212 Arbuste Ave,Institutional kitchen
06494F2E-80E6-4C0A-99CC-50E3E9ED15A7,ORLEANS MONTESSORI PRE-SCHOOL,2820 NAVAN Rd,Institutional kitchen
F8B575E6-42C7-4684-B2CA-C2428CEE97E7,ORLEANS PRESCHOOL,1490 YOUVILLE Dr,Institutional kitchen
E80F9102-98A7-4FC0-A02B-04498CA165E8,ORLEANS-CUMBERLAND COMMUNITY RESOURCE CENTRE,240 CENTRUM BOULEVARD,Institutional kitchen
2F1E85B0-794E-4DF6-8ECA-31FC8B057103,OSGOODE CARE CENTRE,7650 SNAKE ISLAND Rd,Institutional kitchen
43F831EF-9078-4BB2-B59D-099CB0F08994,OSGOODE COMMUNITY CENTRE,5660 OSGOODE MAIN St,Institutional kitchen
8965F5DD-CAA7-46DC-97EC-3F5263301FDB,OSGOODE COMMUNITY CENTRE CANTEEN,5660 OSGOODE MAIN St,Institutional kitchen
8432D549-A2AE-45E3-9444-48CF2BF494A5,OSGOODE PUBLIC SCHOOL,5590 Osgoode main street,Institutional kitchen
FC32A39E-67B9-4B55-9B49-BBE302D65BA0,OTC EARLY LEARNING CENTRE,111 LAMPLIGHTERS Dr,Institutional kitchen
97CA9C96-C3DF-4E4F-940B-023790C99CFF,OTTAWA CARLETON DETENTION CENTRE,2244 INNES Rd,Institutional kitchen
45F98395-54DE-4F3D-8340-4DDA090AC1F8,OTTAWA CARLETON DISTRICT SCHOOL BOARD QUEEN ELIZABETH SCHOOL ,689 St Laurent Blvd,Institutional kitchen
1D2E740F-E533-4D0D-A25C-A4B538F09C25,OTTAWA CARLETON LIFE SKILLS DAY PROGRAM,1 BREWER HUNT WAY,Institutional kitchen
CFEF47DC-20B1-4E79-A5B8-F7CB6D9696D7,OTTAWA CHILDREN'S MONTESSORI CENTRE,630 ISLAND PARK Dr,Institutional kitchen
031373E3-C610-4967-B151-4921F545C803,OTTAWA FOOD BANK,2001 Bantree St,Institutional kitchen
63FC4FAA-0570-4CED-8653-06073A2C9A79,OTTAWA INNER CITY  MINISTRIES FOOD BANK,391 Gladstone Ave,Institutional kitchen
F618A547-96E8-4603-BA20-BC26DF4C6B76,OTTAWA JAIL HOSTEL,75 NICHOLAS St,Institutional kitchen
721812C4-A0C9-4E17-8D54-EF629DD3D718,OTTAWA MISSION,1900 ST JOSEPH BOULEVARD,Institutional kitchen
CE6ADBC4-5227-48D9-995A-85FE5C3C0136,OTTAWA MISSION,35 WALLER St,Institutional kitchen
A72F3E55-5204-4283-B3C8-92F0BB5B7180,OTTAWA MONTESSORI DAY CARE,335 LINDSAY STREET,Institutional kitchen
F0809640-51D6-4A15-9BD5-A98F2A9169A6,OTTAWA TECHNICAL SECONDARY SCHOOL,485 DONALD St,Institutional kitchen
80CC8BC9-6C83-4C1F-AE3B-F37275FF4F97,OUR LADY OF MOUNT CARMEL CHURCH,400 ST. LAURENT BOULEVARD,Institutional kitchen
8567DA69-D45B-48F3-A161-BA2891CD5D48,OUR LADY OF MOUNT CARMEL ELEMENTARY SCHOOL,675 GARDENVALE ROAD,Institutional kitchen
4EFA6770-970C-4437-AD32-A5A24114A53C,OUR LADY OF PEACE (D.H.),3877 RICHMOND Rd,Institutional kitchen
55653647-B868-4A3A-A334-23A639233A3F,OUR LADY OF THE VISITATION PARISH HALL,5338 BANK St,Institutional kitchen
0552E3E6-A0ED-4C3D-83E9-7F05A11FE66B,OUR LADY OF VICTORY ELEMENTARY SCHOOL,1175 SODERLING STREET,Institutional kitchen
A06AA842-05EF-4FF4-B69A-CB21552AE280,OVERBROOK CHILD CARE CENTRE,557 QUEENMARY St,Institutional kitchen
40DAF72B-B602-4461-8DA9-BAA38C957EA7,OVERBROOK COMMUNITY CENTRE,33 QUILL St,Institutional kitchen
BB4C1AB8-F941-4DCA-8670-2EA4CE60E868,PARK PLACE RETIREMENT (RETIREMENT LIVING),110 CENTRAL PARK Dr,Institutional kitchen
A828D80F-EE8E-4FB5-819F-FE45C7320153,PARK PLACE RETIREMENT (SENIOR SUITES),120 CENTRAL PARK Dr,Institutional kitchen
AB54740C-B77A-463E-9DE3-01D25B35ED22,PARKDALE MONTESSORI,555 PARKDALE Ave,Institutional kitchen
D7692A80-432C-4EA9-B77B-47A3F4C5629D,PARKDALE UNITED CHURCH,429 PARKDALE Ave,Institutional kitchen
63AAC2C5-17F7-4A18-A172-27798C660327,PAROISSE ST-JOSEPH d'ORLEANS,2757 St Joseph Blvd,Institutional kitchen
A9E8F450-031F-4161-BD34-15AB0612F8BB,PETER D CLARK,9 Meridian Pl,Institutional kitchen
EDE08417-0FC2-4F3A-A0F9-67F827BC629D,PINECREST QUEENSWAY HEADSTART CHILDCARE CENTRE,2860 AHEARN AVENUE,Institutional kitchen
74BF5A70-449D-4D95-AC26-FC084254FC22,PINOCCHIO DAYCARE,111 SUSSEX Dr,Institutional kitchen
FB7E724B-CB13-49AC-A258-12CC14550315,PIRURVIAPIK CHILD CARE CENTRE,815 St. Laurent Blvd,Institutional kitchen
5CBFCD9B-60C0-41A8-B703-3AD1F71F5F24,PLEASANT PARK SCHOOL  (BP),564 PLEASANT PARK Rd,Institutional kitchen
4DE41E25-BDD8-4060-AE0B-55CC153C1B77,PORTOBELLO EARLY LEARNING CENTRE,2000 PORTOBELLO BOULEVARD,Institutional kitchen
9D9CE90B-FE17-4BBF-BBF1-4580002F3A2E,PRESTIGE CATERING ,800 Taylor Creek Dr,Institutional kitchen
391E99DF-6753-4EFD-851B-58A4F89CB267,PRINCE OF PEACE CATHOLIC SCHOOL,1620 HEATHERINGTON Rd,Institutional kitchen
4C846E86-39C5-44C0-A238-D94F817A01C7,PROCARE FAMILY CENTRE INC,78 HOLLAND AVE,Institutional kitchen
2520E108-9695-4F26-B2B8-002F930EA71A,PROMENADE RETIREMENT RESIDENCE,110 ROSSIGNOL CRESCENT,Institutional kitchen
8C207925-AE02-428A-A953-E4E056187C2A,QUEEN MARY STREET PUBLIC SCHOOL,557 QUEEN MARY St,Institutional kitchen
12353819-9210-4801-B6C4-05D73C5916A5,QUEENSWAY CARLETON HOSPITAL,3045 BASELINE Rd,Institutional kitchen
A85FDA3C-E020-466A-81A3-889829EF35FA,QUEENSWAY CARLETON HOSPITAL,3045 BASELINE Rd,Institutional kitchen
64A5911C-70B1-467A-95E8-D45B059318D5,QUEENSWAY PRE-SCHOOL,429 PARKDALE Ave,Institutional kitchen
48E0E400-72C4-4121-A45D-7A2A840D9AE5,R&S CAFETERIA,1600 CARLING Ave,Institutional kitchen
605EF20B-A6FE-4103-9EB3-E25D4A497FBC,R.J. KENNEDY ARENA AND COMMUNITY HALL,1115 DUNNING Rd,Institutional kitchen
2E578701-02C0-49E5-B817-EC581BF8798F,RAINBOW CATEPILLARS CHILD CARE CENTER,283 Queen Mary,Institutional kitchen
A3D7379F-F8FF-4135-B0F0-8CE029AA4DE8,RAINBOW MONTESSORI SCHOOL INC - WATSON CAMPUS,930 Watson St,Institutional kitchen
D580C23E-33CB-4E7A-89EF-95997B00D28E,RAINBOW MONTESSORI SCHOOL INC - WOODROFFE CAMPUS,1455 Woodroffe Ave,Institutional kitchen
DCB52756-B322-48A1-9B12-AE9DD85DC6AB,REDWOODS RETIREMENT RESIDENCE,2604 DRAPER Ave,Institutional kitchen
BD1A128D-9B51-41CD-BA49-D634013DA7E4,REGINA ELEMENTARY SCHOOL,2599 REGINA STREET,Institutional kitchen
89B4E278-3B87-4B27-98D2-03B111CDE6C5,REKSAP CENTRES FOR EARLY LEARNING,2599 REGINA St,Institutional kitchen
2A2AD7D6-DF69-4275-94FF-DDDCFE4BEB35,REKSAP CENTRES FOR EARLY LEARNING - JOCKVALE,101 Malvern Dr,Institutional kitchen
7031709C-EC30-4E6C-BB53-F7FF608EE9BA,REKSAP CENTRES FOR EARLY LEARNING - SEVERN,2553 SEVERN Ave,Institutional kitchen
7F91E7D4-1949-4945-B5A9-B6A0E220C930,RESIDENCE DUFORD - FOOD,151 DUFORD St,Institutional kitchen
3E12824F-4D65-4E51-B8FD-06E4234E1A8B,RESIDENCE MON PLAISIR,88 MARQUETTE Ave,Institutional kitchen
124C9907-1AC5-4290-869C-881D07F6F889,RESIDENCE ROCKWOOD,2 ROCKWOOD St,Institutional kitchen
3FA26ECA-1FFB-4886-8102-3B70064F048D,RESIDENCE STE-MARIE,5855 BUCKLAND Rd,Institutional kitchen
490062D2-9CB1-4231-8CF7-C79801503BED,RESTAURANT ECOLE LISE BOURGEOIS,801 AVIATION Pkwy,Institutional kitchen
A6AB063B-EBA4-4611-9D51-95DB411FB570,RICHMOND CARE HOME,27 NIXON FARM Dr,Institutional kitchen
AEF53C30-A374-4703-BF7F-0B1FD98895E6,RIDEAU VALLEY CHILD CARE CENTRE,5858 RIDEAU VALLEY Dr,Institutional kitchen
352CC63C-192A-4052-9CC1-ACB0F537F540,RIDEAU YMCA CHILD CARE CENTRE,815 St. Laurent Blvd,Institutional kitchen
9F5FEA09-A9F7-471D-A4F6-66265E844333,RIDGEMONT HIGHSCHOOL (BF),2597 ALTA VISTA Dr,Institutional kitchen
6E71CC77-3651-4870-A3FD-F33460EFD809,RIVER HEIGHTS CHILDREN'S CENTRE,1515 TENTH LINE Rd,Institutional kitchen
51117307-FC48-4C6E-BA8C-C842BD3E31FF,RIVER PARKWAY CHILDREN'S CENTRE,40 CLEARY Ave,Institutional kitchen
4114F6D4-7707-4452-B0A5-DD53447DBF9B,RIVERMIST EARLY LEARNING CENTER,989 Kilbirnie Dr,Institutional kitchen
C26D92A2-4068-44AC-BC1B-FBAF74FF91D8,RIVERSIDE SOUTH HIGH SCHOOL CAFETERIA,702 Earl Armstrong Rd,Institutional kitchen
E308ED34-325C-4A1F-98E4-317B72E9CE0A,RIVERSTONE - WILLOWBEND RETIREMENT COMMUNITY,1980 TRIM RD,Institutional kitchen
858A33C6-8EB5-40C5-9293-00F00B505361,RIVERSTONE CARLINGWOOD RETIREMENT COMMUNITY,200 LOCKHART Ave,Institutional kitchen
DCF5A571-B62D-4E64-8AE2-2834AC213C61,RIVERSTONE FOXVIEW RETIREMENT COMMUNITY,1026 Hunt Club Rd,Institutional kitchen
C2DE2C88-80CC-48AA-AF1E-E3478347B903,RIVERSTONE RETIREMENT (RIVERPATH) LP,80 Landry St,Institutional kitchen
2E4C10E6-846A-4D63-8919-B2B9D9BEC035,RIVERSTONE ROSEPARK RETIREMENT COMMUNITY,1717 Carling Ave,Institutional kitchen
D8742CE4-82B1-4002-955E-D060033E176E,RIVERSTONE STIRLING PARK RETIREMENT COMMUNITY,310 Titan Private,Institutional kitchen
BCE96884-8E6A-4FD3-99AC-BBFD86A922C5,RIVERSTONE-BRIDLEWOOD TRAILS,480 BRIGITTA St,Institutional kitchen
F67081CC-5806-4F80-8D3C-05127710F0C6,RIVERSTONE-MAPLEWOOD RETIREMENT COMMUNITY,340 INDUSTRIAL Ave,Institutional kitchen
B0FC93D5-EEE3-43DE-BEAB-5B8C77854072,RIVERSTONE-OAKPARK RETIREMENT COMMUNITY,2 VALOUR Dr,Institutional kitchen
DFF4013C-1AD7-42EB-AEA5-2B6E6D149AF8,RIVERSTONE-WESTPOINTE RETIREMENT COMMUNITY,164 Maravista Dr,Institutional kitchen
E1283E58-BB48-44EA-A868-18CADF788579,RIVERVIEW ALTERNATIVE PUBLIC SCHOOL,260 KNOX CRESCENT,Institutional kitchen
BD020113-9ABE-4150-859F-21C405BE4C86,ROBERT E. WILSON SCHOOL,373 MCARTHUR Ave,Institutional kitchen
2C78CC54-A5A6-4D7F-80D3-3540F5839957,ROCKCLIFFE CHILD CARE CTRE,340 Buena Vista Rd,Institutional kitchen
288A200D-7FC2-413F-A245-D6BDCE02F682,RODNICHOK DAYCARE,1311 MCWATTERS Rd,Institutional kitchen
4FDDFDAA-D385-4C05-A41A-D9D8B8D7343F,ROGER NEILSON CHILDREN'S HOSPICE,399 SMYTH Rd,Institutional kitchen
49F3964D-4D66-41EA-834F-D5AC8132634C,ROUTHIER COMMUNITY CENTRE,172 GUIGUES AVENUE,Institutional kitchen
352739F3-2B38-4B99-8C32-A07DC381054D,ROY HOBBS COMMUNITY CTRE.,109 LARCH CRESCENT,Institutional kitchen
E78606DF-2E6E-4E53-80E9-03D1943F2526,ROYAL CANADIAN MINT CAFETERIA,320 SUSSEX,Institutional kitchen
B7CB32C9-31B0-480F-BFAC-22F3B7053B02,ROYAL OTTAWA HOSPITAL,1145 CARLING AVENUE,Institutional kitchen
A85F495D-E944-4A04-B4C8-ACFF34D7DA6B,ROYAL OTTAWA HOSPITAL - CAFETERIA,1145 CARLING AVENUE,Institutional kitchen
E089912A-95AE-431A-A8C7-CE14F7E21679,RUDDY FAMILY CENTRE Y CHILD CARE,265 CENTRUM BOULEVARD,Institutional kitchen
AC33E76C-AEFC-4105-81A5-584AF186295A,SACHI'S CAFE BISTRO GROUP - GARNEAU HIGH SCHOOL,6588 CARRIERE St,Institutional kitchen
BE53C0E4-1378-44C3-8010-4F14A4CA7154,SACHI'S- FRANCO-OUEST SCHOOL,411 SEYTON Dr,Institutional kitchen
3DD7F408-7B59-4573-B8E9-17F3F8666125,SACRED HEART CATHOLIC SCHOOL,5870 ABBOTT St,Institutional kitchen
55198331-145A-4C64-AE0F-2A2F14DCDD36,SADIYA CATERING,1950 Merivale Rd,Institutional kitchen
E0459916-BAA7-49B4-A114-BBD636975A19,SAINT-LOUIS LONG-TERM CARE,879 HIAWATHA PARK Rd,Institutional kitchen
7CFEB308-C7AC-4645-8F0F-B84B432DAA23,SAINTE GENEVIEVE (BF),2198 ARCH STREET,Institutional kitchen
F15A5FED-ED8D-4CBC-9C3C-59619DCEDC2B,SALVATION ARMY BETHANY HOPE CENTRE,820 WOODROFFE,Institutional kitchen
E7086CA6-BC72-4F94-ACD4-55B92C0CCDBE,SALVATION ARMY BOOTH CENTRE,171 GEORGE St,Institutional kitchen
C3CB18D8-3ECC-4421-ABE3-AF99AC85106C,SALVATION ARMY GRACE MANOR,1156 WELLINGTON St W,Institutional kitchen
60B41FD4-E002-4E00-B8D8-6920CC290B55,SANDY HILL CHILD CARE,5 Myrand Ave,Institutional kitchen
0A67130D-A838-419E-9717-212C37305D89,SANDY HILL COMMUNITY CENTRE,250 SOMERSET St E,Institutional kitchen
B6A563C1-55E0-40B0-85D4-C335F35EBC7B,SANMINA CAFETERIA,500 MARCH Rd,Institutional kitchen
F1DE5288-4199-44D4-929D-90EE5CC59D07,SARSFIELD COMMUNITY CENTRE,3585 SARSFIELD Rd,Institutional kitchen
B5001E20-F506-44ED-8DD7-F06D9DE66019,SAWMILL CREEK COMMUNITY CENTRE,3380 D'AOUST Ave,Institutional kitchen
2CEA2E36-AA82-415A-9B56-AFFC69554616,SEVERN AVENUE PUBLIC SCHOOL,2553 SEVERN OTTAWA,Institutional kitchen
4A5712D5-8F8D-4358-9282-C835E4CC1F17,SHINGWÀKONS EARLY LEARNING CENTRE,480 Cope Dr,Institutional kitchen
B57A4750-DA2B-4AFD-9FAD-5C1480D02F56,SHORELINE EARLY LEARNING CENTRE,4330 SPRATT Rd,Institutional kitchen
7EAB02DD-0A61-49AA-88A5-A98787C6776B,SIENNA-RED OAK RETIREMENT RESIDENCE,3501 CAMPEAU Dr,Institutional kitchen
42ABCE12-5CF1-42DF-AA55-7F5499C5173D,SIVUMMUT HEADSTART CHILDCARE,230 MCARTHUR Ave,Institutional kitchen
F9E36923-E8CA-4AA9-A63B-000E94E8C71D,SODEXO - BANK OF CANADA,234 WELLINGTON St,Institutional kitchen
54085DEB-4435-44E4-A958-96F4A3929A67,SODEXO - BLACKBERRY - QNX CAFETERIA,1001 FARRAR Rd,Institutional kitchen
999DCCBA-50B1-4DC1-8CFE-6D217DDFFDA2,SODEXO - GIANT TIGER,2480 Walkley Rd,Institutional kitchen
D96FA252-9568-408B-BA6A-2815801E363F,SODEXO - GLOBAL AFFAIRS CANADA,125 Sussex Dr,Institutional kitchen
A340E412-8AD1-4D5C-8B7F-72CB7B70EC93,SODEXO-CIENA CAFETERIA,385 TERRY FOX Rd,Institutional kitchen
6417D698-C3FD-4FC4-BF1C-7EA78C48FF47,SODEXO-CIENA CAFETERIA,385 TERRY FOX Rd,Institutional kitchen
E488965F-34CF-43D5-80CF-4664706C529F,SOUTH CARLETON HIGH SCHOOL,3673 McBean St,Institutional kitchen
2331A5D7-7C7A-42A9-A379-B3AFD011D68F,SPRING LIVING ROBERTSON HOUSE RETIREMENT COMMUNITY,1 MILL HILL Rd,Institutional kitchen
8E9D30F6-880F-41E5-9190-136847B0493D,SPRING MEADOWS CHILD CARE CENTRE,13 Kakulu Rd,Institutional kitchen
915F94B9-098D-4171-990F-4F71E2459746,ST ANDREW’S PRESBYTERIAN CHURCH SERVING KITCHEN ,3529 McBean St,Institutional kitchen
A5AE6DBA-1F34-43B9-B43D-549AB7A38B90,ST ELIZABETH ELEMENTARY SCHOOL,1366 Coldrey Ave,Institutional kitchen
098F9095-5B8B-4D2B-9716-764B15053B8E,ST FRANCIS OF ASSISI EARLY LEARNING CENTRE,795 WATTERS Rd,Institutional kitchen
CDF84C0A-A3A9-4684-9F64-062290348D28,ST JOSEPH'S HIGH SCHOOL,3333 GREENBANK Rd,Institutional kitchen
54F266BA-00BF-4741-AED7-EC4D29A90FD2,ST MATTHEWS HIGHSCHOOL,6550 Bilberry Dr,Institutional kitchen
9E852C88-35AD-4329-A1D1-E80B9E01B9BC,ST MICHAEL ELEMENTARY SCHOOL,437 DONALD STREET,Institutional kitchen
A7CF80CD-5E4F-4379-B898-38067E2B08D9,ST PAULS INTER & HIGH SCHOOL,2675 DRAPER Ave,Institutional kitchen
AB380296-F31F-44B7-BBF0-1253989775C1,ST PETER'S HIGH SCHOOL,750 CHARLEMAGNE BOULEVARD,Institutional kitchen
42901D5B-5FF3-4BDE-84C5-7BE9F7A7D69D,ST STEFAN SERBIAN COMMUNITY CENTER,1989 PRINCE OF WALES Dr,Institutional kitchen
7A868EDC-484C-4B6C-AE3F-4B040753895A,ST VINCENT HOSPITAL,60 Cambridge St N,Institutional kitchen
FE7A0D85-4197-42D4-893E-E90AED96DF81,ST VINCENT HOSPITAL - CAFETERIA,60 Cambridge St N,Institutional kitchen
E7900D92-3350-4266-9C1D-1C1CC2E51430,ST. FRANCIS XAVIER CATHOLIC HIGH SCHOOL,3740 SPRATT Rd,Institutional kitchen
5250739E-374D-4741-92E1-7C81D1BDB9C5,ST. GEORGE DAYCARE CENTRE,3600 Brian Coburn Blvd.,Institutional kitchen
75546112-D6EE-4629-B753-82CE9BD53178,ST. JAMES UNITED CHURCH,5540 OSGOODE MAIN St,Institutional kitchen
4601CEA9-F41A-4931-B8D8-65198D112507,ST. JOHN THE BAPTIST ANGLICAN CHURCH (KARS),6699 Rideau Valley Dr S,Institutional kitchen
3736096F-68A8-4D3B-996E-ECA0A141D580,ST. LUKE'S DAYCARE,110 LAURIER Ave W,Institutional kitchen
66E56CD2-E4A0-4102-A138-12DB36F5D419,ST. MARK CATHOLIC HIGH SCHOOL,1040 Dozois Rd,Institutional kitchen
7D19EF67-4C20-46B5-951A-406A2C67173A,ST. MARK CATHOLIC HIGH SCHOOL-HIGH NEEDS PROGRAM,1040 DOZOIS Rd,Institutional kitchen
A834982B-5261-462B-840A-2EA92EBF7F48,ST. MARY'S DAYCARE,2 CANFIELD Rd,Institutional kitchen
284256A6-275A-4758-B948-F24FDABBD5CC,ST. MONICA PARISH,2080 MERIVALE ROAD,Institutional kitchen
4AC52ECF-454F-4591-A841-6E4CC14AD262,ST. PATRICK'S HIGH SCHOOL,2525 ALTA VISTA Dr,Institutional kitchen
80BFB5B4-863A-4BAC-9DC7-E627E1BF72C3,ST. PAUL'S UNITED CHURCH,3452 MCBEAN St,Institutional kitchen
37FD63C3-A374-4CE7-A3CF-679F3C2C4A89,ST. PETER & ST. PAUL'S ANGLICAN CHURCH,152 METCALFE St,Institutional kitchen
CF27E26F-1511-43C4-8796-E981F03DBD89,ST. ROSE OF LIMA SCHOOL BREAKFAST PROGRAM,50 BAYSHORE Dr,Institutional kitchen
0278E990-5297-4AA4-9052-93448AA28EA3,ST.PAUL UNITED CHURCH,3760 CARP Rd,Institutional kitchen
F92CCB49-F510-4D6D-ABE9-CFC2D2CA2375,STEPPING UP DAYCARE INC,63 GLENCOE St,Institutional kitchen
DA271D3E-1F4B-4D9B-A798-1B39B0244B39,STITTSVILLE UNITED CHURCH,6255 FERNBANK Rd,Institutional kitchen
711162E9-BA27-48DB-9DB3-5BBA6E7F3B06,STITTSVILLE'S IMAGINATION STATION PRESCHOOL & KINDER INC.,1115 CARP Rd,Institutional kitchen
52F7D124-148E-47A3-93C5-C9B4B96B76A4,STONEHAVEN EARLY LEARNING CENTRE  ,50 STONEHAVEN Dr,Institutional kitchen
8BAFE410-CD5B-41D7-A490-17792630F921,STONEMONT RETIREMENT LIFESTYLE,1068 Cummings Ave,Institutional kitchen
F0A10D1A-5BFC-431D-B449-DEB601325C6E,STRATHMERE-LODGE,1980 PHELAN Rd W,Institutional kitchen
5772BCB0-2223-412C-B7D3-0631123EC0D2,STS. PETER & PAUL CHURCH,1161 NORTH RIVER Rd,Institutional kitchen
90F732C6-6EE2-41B6-ABA3-1A597A53467F,SUGAR & S.P.I.C.E QUALITY CHILDCARE,42 SUMAC St,Institutional kitchen
AF85665C-DFF9-4428-8E7E-17AFBEE99873,SUNFLOWER CHILD CARE CENTRE,700 MONTREAL Rd,Institutional kitchen
8D1C25AE-F1E0-49B0-A5B1-BEC6232ABF74,TAGGART FAMILY - DAY CARE,180 ARGYLE Ave,Institutional kitchen
B947B287-9A35-42E3-849F-B7C7C7F29391,TASTE SWEET LIFE CATERING ,8717 Bank St,Institutional kitchen
28644C18-A0EF-465E-AC62-89514C249772,TEDDYVILLE DAYCARE,4192 Fallowfield Rd,Institutional kitchen
E00C9D89-5905-475B-B7E5-33BDDCF63A5E,THAI CATERING KITCHEN,1300 Bank St,Institutional kitchen
17A7C980-735C-4B67-92CE-39EC14FC76A9,THAI KITCHEN CATERING SERVICE,1525 Princess Patricia Way,Institutional kitchen
57DB32D7-3F56-4B63-BF81-52D719FE6917,THE BRADLEY GRACIOUS RETIREMENT LIVING,130 Goulbourn Forced Road,Institutional kitchen
2C393F3C-FCB2-4889-98C4-46565EEE6C1E,THE LITTLE SCHOOL DAYCARE ORLEANS,850 TAYLOR CREEK Dr,Institutional kitchen
FC02E652-AD89-4C0F-B669-8A7CC86A067B,THE LIVING STONES COMMUNITY CENTER INC.,196 JEANNE MANCE,Institutional kitchen
E7505444-A8C0-43CE-ABE0-8A30641DDB70,THE WATERFORD RETIREMENT COMMUNITY,2431 BANK St,Institutional kitchen
3A1DC3DE-360E-4965-8587-A6E4A494F346,THOS McDOWELL EARLY LEARNING CENTRE,159 Lorry Greenberg Dr,Institutional kitchen
D5B0A3CA-D591-47E3-8892-68E89CFA6D5C,THYME & AGAIN CATERING,1255 Wellington St. W,Institutional kitchen
50968797-E494-423E-BDAD-F5B193834211,TIM HORTONS - QUEENSWAY CARLETON HOSPITAL,3045 BASELINE Rd,Institutional kitchen
5192B147-2BC5-4230-A9B2-1F91D47DBB26,TIMBERWALK RETIREMENT COMMUNITY,1250 Maritime Way,Institutional kitchen
8A477C8E-131E-4E08-AF0E-78E720D2CDA9,TINY BITES CATERING,2555 Blackwell St,Institutional kitchen
030AB49E-D78A-4A2C-812D-CF7E38EC82F5,TINY HEARTS DAYCARE,1675 Cyrville Rd,Institutional kitchen
19FDED47-9A45-4C05-A468-22B81ACB561A,TINY HOPPERS KANATA NORTH DAYCARE,50 COLCHESTER SQUARE,Institutional kitchen
6636676E-2AC8-44E6-A0C5-A0AA024992F5,TORAH DAY SCHOOL OF OTTAWA,1119 Lazard St,Institutional kitchen
FB52EB80-0548-4137-BB10-44AFD05FBC72,TRILLIUM SCHOOL AGE PROGRAM,1515 VARENNES BOULEVARD,Institutional kitchen
7F17A9A7-C462-42C5-A3EF-B8DB76348764,TUMIRALAAT  CHILDCARE CENTRE,224 MCARTHUR Ave,Institutional kitchen
A250E8FA-8807-4820-AE3C-82F1664A4A9C,UNICENTRE CAFETERIA,85 UNIVERSITY PRIVATE,Institutional kitchen
DAEEBD92-EE4F-4300-A843-AC21BFE7E424,VENVI ALTA VISTA MANOR,751 PETER MORAND CRESCENT,Institutional kitchen
92AFB3A0-95C5-4043-8AED-3FF920FCB95B,VENVI BARRHAVEN MANOR RETIREMENT RESIDENCE,110 BERRIGAN Dr,Institutional kitchen
06AAA112-74B5-4D3C-B44C-3E6067912871,VENVI BELCOURT RETIREMENT LIVING,1344 BELCOURT BOULEVARD,Institutional kitchen
17CB56E9-3484-4A39-830F-DB06870DEC54,VENVI COLONEL BY RETIREMENT RESIDENCE,43 AYLMER Ave,Institutional kitchen
89299C85-3CD0-4946-ADF4-9C364D018ACA,VENVI HERITAGE ,624 WILSON St,Institutional kitchen
055C0EF9-ABC4-4540-A420-92630A8387B9,VENVI LANDMARK COURT RETIREMENT RESIDENCE,140 DARLINGTON PRIVATE,Institutional kitchen
42B13405-A58C-40B9-AB67-DE6E54EF55D0,VENVI LYNWOOD PARK,1 EATON St,Institutional kitchen
1B30EF18-1AE4-40DF-B772-B4E170F04DB6,VENVI PORTOBELLO MANOR,691 VALIN St,Institutional kitchen
BDB1D040-3006-4BCC-9B43-7E3A270FB9BF,VENVI PRINCE OF WALES MANOR,22 Barnstone Dr,Institutional kitchen
268403AB-1EAB-4BC7-92D3-E4174FA12DA8,VENVI STONEHAVEN RETIREMENT RESIDENCE,70 STONEHAVEN Dr,Institutional kitchen
FE0FED7D-6CE9-429F-980F-B80021DF642B,VENVI VALLEY STREAM MANOR,2 VALLEY STREAM Dr,Institutional kitchen
99171A7E-FCC8-490A-BD6A-FA6929D62661,VENVI WINDSOR PARK MANOR,990 HUNT CLUB Rd,Institutional kitchen
2F05DA74-2589-4ADB-8E77-96CE9160E84B,VERNON RECREATION CENTRE,7950 LAWRENCE St,Institutional kitchen
7EA1367B-C198-49B8-B8BA-DCBAA3F7FA03,VINCENT MASSEY SCHOOL,745 SMYTH Rd,Institutional kitchen
B787CDD6-77E3-4C32-A7FC-A7F63A9F70EA,VIVA BARRHAVEN RETIREMENT COMMUNITY,275 TARTAN Dr,Institutional kitchen
EC183A66-17F2-4E54-8560-53722B451FB5,WELLINGTON CHILD CARE,258 LISGAR STREET,Institutional kitchen
8BB393D6-139C-42C8-BED8-5344F588C266,WELLINGTON WEST RETIREMENT,1166 WELLINGTON STREET WEST,Institutional kitchen
94557208-E6BC-41F4-A712-283D51E8AE80,WEST CARLETON SECONDARY SCHOOL,3088 DUNROBIN Rd,Institutional kitchen
FBA0054E-BD4C-458C-9072-F8975077B488,WESTBORO CHILDREN'S CENTRE,407 HILSON Ave,Institutional kitchen
891325F6-97E7-4015-B547-4A3678E6164E,WESTBORO JEWISH MONTESSORI PRESCHOOL,192 Switzer Ave,Institutional kitchen
CAC60422-D9D2-47D5-9F15-752FFECB5F82,WESTBORO MONTESSORI CHILDREN'S HOUSE,387 DANFORTH Ave,Institutional kitchen
616A5D66-C923-47CC-BD8B-6036486E2EB2,WESTBORO MONTESSORI SCHOOL,307 RICHMOND Rd,Institutional kitchen
C6FC59E2-0222-41D2-8091-B31CC8530F55,WESTBORO VILLAGE CO-OPERATIVE PRESCHOOL,470 ROOSEVELT Ave,Institutional kitchen
412085AC-A12C-4170-92EB-8E161198B54D,WESTERN OTTAWA COMMUNITY RESOURCE CENTRE,2 MACNEIL COURT,Institutional kitchen
13C8FB0B-EBFC-457A-AB36-9C72BEDC445B,WHITEHAVEN KINDERGARTEN SCHOOL AGE CENTRE INC.,919 WOODROFFE AVE,Institutional kitchen
61FB8045-AECB-4C4B-8CF3-3FF34400FE7A,WHITEHAVEN KINDERGARTEN SCHOOL AGE CENTRE INC.,919 WOODROFFE Ave,Institutional kitchen
9DAED7F4-B3C2-410B-A879-126EBE9665DA,WINTERWOOD CHILD CARE CENTRE,89 LORRY GREENBERG Dr,Institutional kitchen
15C73586-D262-4A09-BD18-6B5C49BF3A63,WOODROFFE AVENUE PUBLIC SCHOOL,235 Woodroffe Ave,Institutional kitchen
87C036A8-342F-425E-B7EF-52C233691870,WOODROFFE HIGH SCHOOL CAFETERIA,2410 GEORGINA Dr,Institutional kitchen
EF5DAB13-6E4A-4CAB-84E7-333342A4D01D,YMCA CHILD CARE / AVALON SCHOOL,2080 PORTOBELLO BOULEVARD,Institutional kitchen
0F4F7662-4B9F-4432-896A-3548CEEB4BAD,YMCA CHURCHILL CHILD CARE CENTRE,345 Ravenhill Ave,Institutional kitchen
3B0B8F2A-8DAF-4098-B915-90B81B878586,YORK STREET BREAKFAST PROGRAM,310 YORK St,Institutional kitchen
625B70A4-610E-4BC1-BC2E-9993A527BE14,YOUNG MEN'S EMERGENCY AND TRANSITIONAL HOUSING PROGRAM, RESTRICTED,Institutional kitchen
02914C30-9D4B-4EFE-8307-A9CDD1DF1AC6,YOUTH SERVICES BUREAU OF OTTAWA - YOUNG WOMEN'S EMERGENCY SHELTER," RESTRICTED, OTTAWA",Institutional kitchen
76B58E5F-AE62-479D-B9D1-B64EEA4226C7,AC HOTELS BY MARRIOTT OTTAWA DOWNTOWN,201 Rideau St,Lodging or funeral home
A29C013E-85A5-4317-8308-002C4A920ED8,ADAM'S AIRPORT INN,2721 BANK St,Lodging or funeral home
46D00B72-2015-48C0-AE4E-8AC68AE64C5B,ALAVIDA-RAVINES SENIOR SUITES,636 PRADO PRIVATE,Lodging or funeral home
2307BC1C-557F-4191-A32D-7FEFA4624B75,BYWARD BLUE INN,157 CLARENCE St,Lodging or funeral home
2434ED2C-F32B-46A3-A4F5-6FC982D83EC2,COMFORT INN,1252 MICHAEL St,Lodging or funeral home
686FA0D7-A527-423A-A88E-AE81162D9B26,COMFORT INN,222 Hearst Way,Lodging or funeral home
FF3111DC-30D4-4F73-AC60-F219B33FD50F,COURTYARD BY MARRIOTT,350 DALHOUSIE St,Lodging or funeral home
98BF9BB7-E217-458C-8858-DEF95C297ED9,COURTYARD BY MARRIOTT,200 COVENTRY Rd,Lodging or funeral home
96174ABA-4A2D-40D0-8477-FB6F1415A5CC,DAYS INN,366 HUNT CLUB Rd,Lodging or funeral home
B75B19D1-922E-46FB-8F5E-85E1223EF0F6,DOWNTOWN BED AND BREAKFAST,263 McLeod St,Lodging or funeral home
48632765-7030-4C66-9ECE-96024BE3A22C,ECONO LODGE DOWNTOWN,475 RIDEAU St,Lodging or funeral home
3B953733-FC84-4EB4-8E31-E52EAC2C92AD,FAIRFIELD INN & SUITES,578 TERRY FOX Dr,Lodging or funeral home
2C3EF525-B891-4A50-918D-5E5DFC25C173,FAIRFIELD INN AND SUITES BY MARRIOTT OTTAWA AIRPORT,135 Thad Johnson Private,Lodging or funeral home
5DB2F726-1637-4283-B702-E0F231059743,HAMPTON INN,2869 GIBFORD Dr,Lodging or funeral home
6F8F4452-3FBF-4DD5-BBE2-4827F40F7CCD,HAMPTON INN,100 COVENTRY Rd,Lodging or funeral home
D6997998-C1E0-4DF5-BD17-2DD483643794,HAMPTON INN & SUITES OTTAWA WEST,125 Lusk St,Lodging or funeral home
9C148978-FFAC-48CD-8D26-2F48C867CFEE,HILTON GARDEN INN,2400 ALERT Rd,Lodging or funeral home
677E7767-CB37-4BE3-A0EE-10A055091941,HILTON GARDEN INN & HOMEWOOD SUITES,361 QUEEN St,Lodging or funeral home
455A95FA-4E0C-4F14-99AA-938CE39EB19D,HOLIDAY INN,500 BRISEBOIS CRESCENT,Lodging or funeral home
54A03831-E9A5-4D1C-9413-82AAEC583976,HOLIDAY INN BANQUETS,101 KANATA Ave,Lodging or funeral home
D61C6B11-7B17-4772-838C-AC41764EE36D,HOLIDAY INN EXPRESS,2881 GIBFORD Dr,Lodging or funeral home
A0C95F7D-0075-491B-B119-2491E82633CC,HOLIDAY INN EXPRESS,2055 ROBERTSON Rd,Lodging or funeral home
F538F296-CFF5-4B62-9F93-3719ABB0D290,HOLIDAY INN EXPRESS & SUITES DOWNTOWN OTTAWA EAST,235 King Edward Ave,Lodging or funeral home
87AC0952-89B9-47A1-8E88-21CC8A48BEC4,HOMEWOOD SUITES,3605 Paul Anka Dr,Lodging or funeral home
31DB8272-B142-448A-8A61-1F8EF24DD087,KANATA HOMEWOOD SUITES,900 Great Lakes Ave,Lodging or funeral home
2302F85D-31DB-4E74-AEEA-61339BE9B54A,KELLY FUNERAL HOME,2370 St Joseph Blvd,Lodging or funeral home
551F0711-E40C-4403-9F3E-559BB5EFBC84,KELLY FUNERAL HOME,1255 Walkley Rd,Lodging or funeral home
287F8898-2F10-4B1C-B335-87D42848378E,KELLY'S FUNERAL HOME,3000 WOODROFFE Ave,Lodging or funeral home
13B0E79B-8182-49B4-9755-143376F0D1F1,MARRIOTT BANQUET,100 KENT St,Lodging or funeral home
4DA6D685-B3AC-4ACC-83F3-BD385DD796B7,MARRIOTT RESIDENCE INN,1172 WALKLEY Rd,Lodging or funeral home
6220E42E-F6CB-49E7-8451-47EB94377FD5,PROMENADE SENIOR SUITES,150 ROSSIGNOL DR,Lodging or funeral home
0BD9374C-0FD0-4052-A0C1-35DDF75179F7,PROMENADE SENIOR SUITES,150 Rossignol Dr,Lodging or funeral home
1897AF32-DA99-4577-9EF8-86B12E27180E,QUALITY INN,3363 ST. JOSEPH BOULEVARD,Lodging or funeral home
610ACBA3-D99E-43E9-9FA0-E218682C42E4,SWISS HOTEL,89 DALY Ave,Lodging or funeral home
A227C235-FFAC-46D8-BD10-FEBE53F0629F,THE BUSINESS INN,180 MACLAREN St,Lodging or funeral home
2DE5D543-2855-404E-B116-222A4E749A2F,TOWNEPLACE SUITES,1251 MARITIME WAY,Lodging or funeral home
D1F4FBC4-EED0-4BAA-BA2C-FBF3F3D0522B,TOWNPLACE SUITES BY MARRIOTT,101 Citigate Dr,Lodging or funeral home
4303A62B-BE83-4269-8451-56C8245A679E,TRIPLE S STUDIO SALON SUITES,224 hunct club,Lodging or funeral home
FEADCE84-E0B8-40D4-BA35-A01718CD07E6,WELCOM INNS MOTEL,1220 MICHAEL St,Lodging or funeral home
6A80398C-A34F-4C4A-95A1-AEC29F30AADE,233 FLAVORS, SPECIAL EVENTS,Mobile or event vendor
15DEC6F3-3EF0-4512-BD9A-FDF047B04A1C,ABORIGINAL EXPERIENCES ARTS AND CULTURE ( MADAHOKI FARM ), SPECIAL EVENTS,Mobile or event vendor
23DEFBF3-959F-4428-9DD3-F930B9CF2277,ALBINS TREAT- MOBILE TREAT BIKE,3169 Hawthorne Rd,Mobile or event vendor
C602B635-7C23-4CBC-966F-B4B432BCE2BC,AMIWO'S CAFE, SPECIAL EVENT,Mobile or event vendor
E4B7F036-F2EF-4F70-99FE-99C6ED1CFEB2,AMIWO'S CAFE 2, SPECIAL EVENT,Mobile or event vendor
45D13FCF-698C-4724-BCFD-2686CD39F836,Ad Mare Mobile Seafood,2265 Robertson Rd,Mobile or event vendor
3984462E-7689-4C22-A044-F2BD2E646C2B,All OUT BURGER, SPECIAL EVENT,Mobile or event vendor
F56EC3A6-2088-4D76-949B-CA897A49DF77,BASH'S GOURMET FOOD TRUCK,150 Slater St.,Mobile or event vendor
257AA06A-04AB-4DB0-9E51-861E65E5F00B,BC'S NEIGHBOURHOOD FOOD TRUCK,2011 Robertson Rd,Mobile or event vendor
9CC9D755-CA5F-4F46-BF89-52DBC6830875,BEAN & DOUGH, SPECIAL EVENTS,Mobile or event vendor
946F541B-7EED-4931-A29F-B3126A48B2C2,BEAVERTAILS - MOBY, SPECIAL EVENTS,Mobile or event vendor
2DC3866B-4C1A-4208-999A-81E9E37E87A9,BEAVERTAILS - MONTY, SPECIAL EVENTS,Mobile or event vendor
5D6CC2CD-DD1A-4F68-BEBB-D0DB7318646B,BEAVERTAILS-JONI, SPECIAL EVENTS,Mobile or event vendor
C923C7C0-E00B-414D-B4DA-BF12DFA45B95,BERRIES ON WHEELS,9  Hubertine Gate ,Mobile or event vendor
49971C51-181B-446B-8487-1FAF380EA72E,BIG LEMON 2, SPECIAL EVENTS,Mobile or event vendor
BC9ADC00-8484-4C01-90FE-E219A0B3B6B0,BIG LEMON 3, SPECIAL EVENTS,Mobile or event vendor
5CEF4890-37E4-441E-9FE1-8752A2C5BB94,BLU'S WHISK & STICK, SPECIAL EVENTS,Mobile or event vendor
6C7C91AB-BAF8-49FA-B614-F417C27B47E3,BOMBAY GARDEN FOOD TRUCK, SPECIAL EVENTS,Mobile or event vendor
6D695C4B-6776-4452-ACC6-7499E8B435A6,CHEF RIC'S, SPECIAL EVENT,Mobile or event vendor
77390929-22A3-4965-A184-85E021168E1E,CHIP TRUCK KREPETONITE ,1880 Innes Rd,Mobile or event vendor
93069242-C03C-49EE-A1AE-A9B3679AE011,CIRQUE DU SOLEIL TRAILER #1, SPECIAL EVENTS,Mobile or event vendor
3FA68F8F-9970-4431-A738-6F02259DDB5A,CIRQUE DU SOLEIL TRAILER #2, SPECIAL EVENTS,Mobile or event vendor
EE74922E-5856-416C-AD47-684DE8964D3C,COOL TREATS, SPECIAL EVENTS,Mobile or event vendor
34480446-94F2-43FB-A3BB-C70521B57088,DALMENY ACRES FARM STORE - SPECIAL EVENT VENDOR,5770 Bank St,Mobile or event vendor
79132485-1EF2-45D1-930C-8CD173380D84,ELZA'S GOURMET, SPECIAL EVENTS,Mobile or event vendor
69C3BF3A-BAA0-4E93-B9FA-A1F61E3FB7AD,FALAFEL ON WHEELS,1758 Montréal Rd,Mobile or event vendor
AC6E2760-9B26-4CD9-9518-DA4CDEED774C,FAMOUS OZZY ON WHEELS 1, SPECIAL EVENT,Mobile or event vendor
A3D0D1C1-DC3B-43AE-93E2-111FBE241FBB,FAMOUS OZZY ON WHEELS 2, SPECIAL EVENT,Mobile or event vendor
2ADAED7B-DDA2-41C1-8BB5-A5CDDA9F2AAE,FAT LES'S CHIP STAND,5657 OSGOODE MAIN St,Mobile or event vendor
D6B70E88-15F0-4301-9A69-57F165B3D21D,FAT LES'S CHIP STAND & WHAMBURGER!,3779 Strandherd Dr,Mobile or event vendor
A6FCFECF-1E61-4139-95DA-CF4131EEAE37,FELICIA PASTA, SPECIAL EVENTS,Mobile or event vendor
099660D6-0A17-4795-98C9-452655E9A293,FESTIVAL FOODS, SPECIAL EVENTS,Mobile or event vendor
A57A6230-D875-4ED2-8C78-837B9C1442FF,FROZEN DREAMS/BEAN HERE, SPECIAL EVENT,Mobile or event vendor
7B822A3A-BCFD-4788-8096-E121DC3E653A,FROZEN FLAMINGO 2.0 - CC80796, SPECIAL EVENTS,Mobile or event vendor
C8F42D97-24EF-484E-821F-8B8B7A8F3E2B,FUNKY CANDY FLUFF, SPECIAL EVENTS,Mobile or event vendor
A6160E56-394D-4E56-B34D-40D369E0587E,GOLDEN FRIES 1, SPECIAL EVENTS,Mobile or event vendor
7810FEF7-F453-4CEC-8991-C1F53E721926,GOLDEN FRIES 1, SPECIAL EVENTS,Mobile or event vendor
749EB0C0-890C-4721-A9FF-FEA9A6400B29,GOLDEN FRIES 2, SPECIAL EVENTS,Mobile or event vendor
A1AD4D2C-6773-47F5-9FEC-4A9211035215,GREEK ON WHEELS,605 Longfields Dr,Mobile or event vendor
C65A17D0-3AA0-4833-A5E5-66CE65016D74,GREEK ON WHEELS,585 MONTREAL Rd,Mobile or event vendor
CD96FC8E-FE10-468D-AC96-CCB0D815170F,GREEK ON WHEELS,1123 COBDEN Rd,Mobile or event vendor
56FC262B-8F6C-4651-8410-4B20D4765A58,GREEK ON WHEELS,3 HAWTHORNE AVENUE,Mobile or event vendor
248A2AE1-0438-44F5-91F3-06F667531B3A,GREEK ON WHEELS,800 HUNT CLUB Rd,Mobile or event vendor
6A1C85ED-5AB0-4880-9307-6A8FA41DC0CB,GREEK ON WHEELS,4025 INNES Rd,Mobile or event vendor
718B230B-C140-4221-9F8F-C99A73909108,GREEK ON WHEELS,444 HAZELDEAN Rd,Mobile or event vendor
232581CA-41BA-4FAE-943D-38C3A07FE73E,GRILL MASTER RESTAURANT AND CATERING, SPECIAL EVENTS,Mobile or event vendor
ADCD599F-57A1-4600-BC44-B00497818F01,GRILL MASTER RESTAURANT AND CATERING, SPECIAL EVENTS,Mobile or event vendor
0815EC20-0118-4784-B9E8-B193613E2112,Garvin barbecue, SPECIAL EVENTS,Mobile or event vendor
90F9D6BD-5D4F-4D27-9C6A-54E60FB3C5DA,HAVEN'S CREAMERY - SPECIAL EVENT VENDOR, SPECIAL EVENTS,Mobile or event vendor
61963C14-6888-4443-A13A-2ADF8C053C84,HEAVENLY DREAMS ICE CREAM, SPECIAL EVENTS,Mobile or event vendor
EB8C7872-F933-4E8E-A947-CD2AEC4987C4,HER CORNER, SPECIAL EVENTS,Mobile or event vendor
6B9CE14D-CEBC-46B3-A03E-D4FB3028AFE8,HOLMESPUN ICE CREAM MOBILE TRUCK,247 Westbrook Rd,Mobile or event vendor
4321C174-77B6-4874-A1AF-7371F759F29E,IT'S LEMONADE TIME, SPECIAL EVENT,Mobile or event vendor
EA1E1DC6-B323-4CBF-B715-1DBC262C6D96,JACK'S MOBILE CANTEEN,408 RIDEAU STREET,Mobile or event vendor
E7965F77-D853-4C42-BFEF-FEBD16BE925F,JANAN FOOD TRUCK,1411 Meadowbrook Rd,Mobile or event vendor
508BF371-03AC-484D-B638-66D13DE872C6,JERK ON WHEELS,42 Holland Ave,Mobile or event vendor
370C2CCC-4679-4223-AE3D-5769DBD17760,JULIANO'S GELATARIE LTD #1 , SPECIAL EVENTS,Mobile or event vendor
657E5A09-450A-45FD-8A3D-1ACD43B63B42,KONA ICE OF OTTAWA , SPECIAL EVENTS,Mobile or event vendor
7F0F5EA7-7010-492F-B646-F7ECFA475C52,KRAZY LEMON, SPECIAL EVENTS,Mobile or event vendor
26EE29C5-49A7-4452-ADBE-866E9D5E4E99,KUFANA, SPECIAL EVENTS,Mobile or event vendor
37D62699-6107-463A-A4E5-7A7B8C7B2FAE,KUNG FU TEA OTTAWA, SPECIAL EVENT,Mobile or event vendor
093B9CB2-4A0D-4CEF-9E3E-6E9DAC513DE4,LA CATRINA FOOD TRUCK, SPECAL EVENTS,Mobile or event vendor
ED0878BD-69F6-4B81-BB91-7321082A2A25,LA TROCA SI SENOR, SPECIAL EVENTS,Mobile or event vendor
BF342DC8-33C4-42B6-AA18-F7E3B777DA6B,LABOBA MILK TEA HOUSE, SPECIAL EVENT,Mobile or event vendor
0988D375-0FF0-4402-BFF4-AA6088F4DDDE,LE'S FUSION KITCHEN (CHEF ON WHEELS),2265 Robertson Road,Mobile or event vendor
E7B4A72F-8B32-4070-9768-40429C274162,LITTLE VICTORIES, SPECIAL EVENTS,Mobile or event vendor
A9C9BC22-26CE-4BC1-8AF2-9D32E824D61D,LOKMA  FOOD TRUCK,471  Terry Fox Dr,Mobile or event vendor
284E6017-8B1F-4B13-89C7-5B48FC411FF6,LUCY'S HOT FRIES (MOBILE) ,6690 Mitch Owens Rd,Mobile or event vendor
51A964B4-AF25-424D-ADE2-1655A47C9D51,MAVERICK DONUTS ORLEANS - SPECIAL EVENT VENDOR,255 Centrum Blvd,Mobile or event vendor
5056C6F7-A277-4743-862C-07C710210A79,MEALS ON WHEELS,3865 Old Richmond Rd,Mobile or event vendor
677C4621-8337-4F76-8949-9F02043238C0,MEAW'S THAI LOTUS FOOD TRUCK,1877 Innes Rd,Mobile or event vendor
0C128EE9-CF7F-46B6-B8DB-9C34BD67496E,MILPA & MAPLE, SPECIAL EVENT,Mobile or event vendor
26F865C0-A10C-4B67-A8F3-7E16F4E11577,MINI SPRING CHIPS, SPECIAL EVENTS,Mobile or event vendor
36FE3C8A-DFE0-4988-BA32-5C3DE5DEBC53,MISS ELLIE'S LEMONADE, SPECIAL EVENTS,Mobile or event vendor
F227ADF6-DA3D-44E2-9424-CF4D58C3CBD0,MOO & BEAN , SPECIAL EVENTS,Mobile or event vendor
F7F8EAEC-C36D-46B7-A94C-28615ACB4DCF,MORNINGSTAR'S CATERING, SPECIAL EVENTS,Mobile or event vendor
069A00A7-4C41-4D65-B6DC-A3FA64156E58,MS. MAPLE , SPECIAL EVENTS,Mobile or event vendor
C1BF4C33-27DF-4ACD-8ACA-5F35C9FB9813,NICKY T'S FOOD TRUCK,5340 Canotek road ,Mobile or event vendor
1E39E94D-33EE-4B45-9FEE-1C83D8F0FD7C,OLIVIA CATERING SERVICE/DESERT GARDEN, SPECIAL EVENTS,Mobile or event vendor
BF2564A7-7C7B-4EA3-8952-0B1D0BE8EF93,OTTAWA CORN ROASTER, SPECIAL EVENTS,Mobile or event vendor
C368B90E-04AF-443D-99BC-63C90EB8D20A,OTTAWA MISSION FOOD TRUCK KITCHEN,1900 St Joseph Blvd,Mobile or event vendor
CC98F921-A242-4B31-8C9A-7C31F3536D61,PINN TO THAI FOOD TRUCK,4104 ALBION Rd,Mobile or event vendor
86115914-7679-4AB1-9023-F5C71EA16847,RIO ACAI, SPECIAL EVENTS,Mobile or event vendor
41E48642-2E86-4C8B-91E6-59D29005DE8C,RJ'S ROADHOUSE, SPECIAL EVENTS,Mobile or event vendor
78B8481F-CE8C-4CBC-9493-32EBC68D1D43,ROOST FOOD TRUCK , SPECIAL EVENTS,Mobile or event vendor
F4CA4B71-493B-4669-98D9-CAE5F778B0DB,ROUTE 55, SPECIAL EVENTS,Mobile or event vendor
11B4B9DD-CAC0-433F-A2D8-98504FA2DDA6,RUN 2 PATTY FOOD TRUCK,311 Bank St,Mobile or event vendor
E2566C72-57A3-4F67-83D5-8005E7E67EE4,SABOROSO, SPECIAL EVENTS,Mobile or event vendor
AAD26C12-F495-489D-BC94-18103A33EA42,SEOUL DOG, SPECIAL EVENTS,Mobile or event vendor
FB699B0A-D699-4116-9510-B0C5A86C9749,SIZZLING BUNS, SPECIAL EVENT,Mobile or event vendor
E85B7C94-31F2-4664-9663-851E9A4DAAE5,SNACK SHACK CITY FOLK, SPECIAL EVENTS,Mobile or event vendor
883BB4EF-D203-4244-B901-0462EB8E7F80,SOLOMON'S OVEN, SPECIAL EVENTS,Mobile or event vendor
1ABE2B17-9FC1-454E-8217-A5E3B7BC6D43,STELLA LUNA GELATO CAFE, SPECIAL EVENTS,Mobile or event vendor
3E64D0BB-8257-4688-8A1E-B83F70CEA0D2,STELLA LUNA GELATO CAFE, SPECIAL EVENTS,Mobile or event vendor
58EB87F1-5269-4272-AD75-5A2A573102D7,STEVIE'S KETTLE CORN, SPECIAL EVENT,Mobile or event vendor
F1F83254-FD7C-4F80-BDF6-68CB9F1CB2DE,SULTAN SUPERMARKET, SPECIAL EVENTS,Mobile or event vendor
053115D8-555F-4F17-BF84-0E7FECB5399E,SWEET N SALAD, SPECIAL EVENT,Mobile or event vendor
38A92D8A-6B18-49E8-B0F0-3BD64A24B737,SWEET TREATS, SPECIAL EVENTS,Mobile or event vendor
5691DD67-B9C3-466B-978D-6D3958546C79,SWT LAB, SPECIAL EVENTS,Mobile or event vendor
854F9E5D-0C67-4AB2-8B39-B7618F818113,TASTY TRAVEL, SPECIAL EVENT,Mobile or event vendor
59F51E40-CFE3-4399-89E2-150D19207D03,THAT CAFE - MOBILE,511 Lacolle Way,Mobile or event vendor
DC17FC81-AB42-4679-B35E-75567673DB61,THE BAKER, SPECIAL EVENTS,Mobile or event vendor
038690F0-9234-4720-9FFB-FB2B3B95EC56,THE COFFEE TRUCK, SPECIAL EVENTS,Mobile or event vendor
46926AE7-95DD-4C09-82E5-769AD563CE3D,THE GIANT PIG SMOKEHOUSE, SPECIAL EVENTS,Mobile or event vendor
9AD6B004-B75F-4717-A105-2C71002895E1,THE GREAT CANADIAN POUTINERIE, SPECIAL EVENT,Mobile or event vendor
9F2A91ED-DDD7-49E0-BC45-F590547685FD,THE GREAT CANADIAN POUTINERIE, SPECIAL EVENT,Mobile or event vendor
CE31AB3C-5339-4BC9-944D-E55278BFC7D2,THE LOWERTOWN BREW PUB, SPECIAL EVENTS,Mobile or event vendor
755BCAA1-617A-424E-AF8E-7B533C4B6B31,THE MERRY DAIRY -SOFT SERVE MOBILE VENDOR,102 Fairmont Ave,Mobile or event vendor
62993853-64C9-486C-8AA2-7978C6DA61EF,TROFI & GREEK ON WHEELS,343 Somerset St W,Mobile or event vendor
D64EACC1-8469-48A0-8BEA-17E6EC78C646,YUMMY TOUCH, SPECIAL EVENTS,Mobile or event vendor
469D294A-0D19-46E9-BAC3-1EA16EC77DB0,AFCS-VANIER 1, RESTRICTED Ottawa,No point in the feed
B92D4C77-295B-4D84-BC4F-2676C5D4F086,ASHLAR WEDDINGS & EVENTS,2876 Munster Rd,No point in the feed
CC9773FA-38E9-414D-B74A-B723B0F85D51,CHICK-FILLET-A, ,No point in the feed
9731E24D-B796-4FF8-8689-188CA521670E,CHOCOLADE WOLRD , ,No point in the feed
2602C76C-8A9C-4704-9CC9-0D524183E8C2,GBURGER, ,No point in the feed
F90B8E99-E00A-4A23-AAD8-1B2CB3EDD019,INTERVAL HOUSE, RESTRICTED ,No point in the feed
11EFFF6A-D0D0-4EEC-825D-EAD31276EFE1,MAISON D'AMITIE (M1), RESTRICTED,No point in the feed
87E59161-C58E-4894-A61B-1B199C4BAD9F,MAISON D'AMITIE (M2), RESTRICTED,No point in the feed
C891D2C9-95A5-4699-8E56-654ECAAB6AB8,MAPLE TAFFY, Bank and O'Connor,No point in the feed
CE2438D6-43B7-487E-91A8-EB6835F56D05,PANINARO, ,No point in the feed
1780C25D-21E5-43D0-BEDD-DA8D4F9766E5,SCOTTSAUCE, ,No point in the feed
156F69A7-7709-4D5F-B516-CC154D302914,SOPHIA HOUSE, RESTRICTED OTTAWA,No point in the feed
3AFF4641-F098-44DB-82C4-79CB0043AD2B,ST JOE'S WOMEN'S CENTRE, RESTRICTED ,No point in the feed
C0C24609-3EC2-4483-9C09-DF970F102F1C,VANIER 2 , RESTRICTED OTTAWA,No point in the feed
77D904B3-CBFB-429D-80FF-A8F7B283D0DE,ARUM KOREAN MARKET,300 Laurier Ave W,Point outside the City
AF0C9BF4-9808-4871-9C01-012C4C93F154,BIBBS BBQ, ,Point outside the City
33520F20-65A3-480B-88E8-BFCAF5F90F67,BRIDGEHEAD - CANAL MARKET,1000 AIRPORT ROAD,Point outside the City
A9531F7D-B8A9-42CB-95E7-A649C4E27A53,JACK LARABIE DISTRIBUTION INC.,270 Corduroy Rd,Point outside the City
96BFE15B-DB7A-4060-B2B0-10DF34FC249D,KUBO MATCHA, ,Point outside the City
03F3812A-A07A-4535-886D-84B96DA8CCAC,MERRY DAIRY ICE CREAM TRUCK-SCOOP ONLY,102 Fairmont Ave,Point outside the City
8E844360-9F56-4BD1-BA4F-F034FD5BF482,OTTAWA NAAN,64 Beechwood Ave,Point outside the City
34974B75-E5EB-4EA6-A79D-3BC14B38B808,The Coffee Truck,951 Reid St,Point outside the City
