station,latitude,longitude,lines,located_in,distance_outside_m
Inlet Centre,49.277206,-122.82817349999999,Millennium Line,City of Port Moody,6348.1
Moody Centre,49.2779605,-122.8456085,Millennium Line,City of Port Moody,6414.0
Aberdeen,49.183995499999995,-123.136309,Canada Line,City of Richmond,1665.3
Bridgeport,49.195536000000004,-123.126041,Canada Line,City of Richmond,425.3
Capstan,49.189147000000006,-123.1319125,Canada Line,City of Richmond,1088.7
Lansdowne,49.174763999999996,-123.1364145,Canada Line,City of Richmond,2690.4
Richmond-Brighouse,49.168092,-123.1362105,Canada Line,City of Richmond,3430.9
Sea Island Centre,49.1929915,-123.1578675,Canada Line,City of Richmond,1434.6
Templeton,49.196685,-123.146321,Canada Line,City of Richmond,572.1
YVR-Airport,49.194183,-123.1781795,Canada Line,City of Richmond,2292.6
